{"prediction":0,"id":96000}
{"prediction":0,"id":96001}
{"prediction":0,"id":96002}
{"prediction":0,"id":96003}
{"prediction":0,"id":96004}
{"prediction":0,"id":96005}
{"prediction":0,"id":96006}
{"prediction":0,"id":96007}
{"prediction":0,"id":96008}
{"prediction":0,"id":96009}
{"prediction":0,"id":96010}
{"prediction":0,"id":96011}
{"prediction":0,"id":96012}
{"prediction":0,"id":96013}
{"prediction":0,"id":96014}
{"prediction":0,"id":96015}
{"prediction":0,"id":96016}
{"prediction":0,"id":96017}
{"prediction":0,"id":96018}
{"prediction":1,"id":96019}
{"prediction":0,"id":96020}
{"prediction":0,"id":96021}
{"prediction":0,"id":96022}
{"prediction":0,"id":96023}
{"prediction":0,"id":96024}
{"prediction":0,"id":96025}
{"prediction":0,"id":96026}
{"prediction":0,"id":96027}
{"prediction":0,"id":96028}
{"prediction":0,"id":96029}
{"prediction":0,"id":96030}
{"prediction":0,"id":96031}
{"prediction":0,"id":96032}
{"prediction":0,"id":96033}
{"prediction":0,"id":96034}
{"prediction":0,"id":96035}
{"prediction":0,"id":96036}
{"prediction":1,"id":96037}
{"prediction":0,"id":96038}
{"prediction":1,"id":96039}
{"prediction":0,"id":96040}
{"prediction":0,"id":96041}
{"prediction":0,"id":96042}
{"prediction":0,"id":96043}
{"prediction":0,"id":96044}
{"prediction":0,"id":96045}
{"prediction":0,"id":96046}
{"prediction":0,"id":96047}
{"prediction":1,"id":96048}
{"prediction":0,"id":96049}
{"prediction":0,"id":96050}
{"prediction":0,"id":96051}
{"prediction":0,"id":96052}
{"prediction":0,"id":96053}
{"prediction":0,"id":96054}
{"prediction":0,"id":96055}
{"prediction":0,"id":96056}
{"prediction":0,"id":96057}
{"prediction":0,"id":96058}
{"prediction":0,"id":96059}
{"prediction":0,"id":96060}
{"prediction":0,"id":96061}
{"prediction":0,"id":96062}
{"prediction":0,"id":96063}
{"prediction":0,"id":96064}
{"prediction":0,"id":96065}
{"prediction":0,"id":96066}
{"prediction":0,"id":96067}
{"prediction":1,"id":96068}
{"prediction":0,"id":96069}
{"prediction":0,"id":96070}
{"prediction":0,"id":96071}
{"prediction":0,"id":96072}
{"prediction":0,"id":96073}
{"prediction":0,"id":96074}
{"prediction":0,"id":96075}
{"prediction":0,"id":96076}
{"prediction":0,"id":96077}
{"prediction":0,"id":96078}
{"prediction":0,"id":96079}
{"prediction":0,"id":96080}
{"prediction":1,"id":96081}
{"prediction":0,"id":96082}
{"prediction":1,"id":96083}
{"prediction":0,"id":96084}
{"prediction":0,"id":96085}
{"prediction":0,"id":96086}
{"prediction":1,"id":96087}
{"prediction":0,"id":96088}
{"prediction":0,"id":96089}
{"prediction":0,"id":96090}
{"prediction":0,"id":96091}
{"prediction":1,"id":96092}
{"prediction":0,"id":96093}
{"prediction":1,"id":96094}
{"prediction":0,"id":96095}
{"prediction":0,"id":96096}
{"prediction":1,"id":96097}
{"prediction":1,"id":96098}
{"prediction":0,"id":96099}
{"prediction":0,"id":96100}
{"prediction":1,"id":96101}
{"prediction":0,"id":96102}
{"prediction":1,"id":96103}
{"prediction":0,"id":96104}
{"prediction":0,"id":96105}
{"prediction":0,"id":96106}
{"prediction":1,"id":96107}
{"prediction":0,"id":96108}
{"prediction":0,"id":96109}
{"prediction":0,"id":96110}
{"prediction":0,"id":96111}
{"prediction":0,"id":96112}
{"prediction":0,"id":96113}
{"prediction":0,"id":96114}
{"prediction":0,"id":96115}
{"prediction":0,"id":96116}
{"prediction":0,"id":96117}
{"prediction":0,"id":96118}
{"prediction":0,"id":96119}
{"prediction":0,"id":96120}
{"prediction":1,"id":96121}
{"prediction":0,"id":96122}
{"prediction":0,"id":96123}
{"prediction":0,"id":96124}
{"prediction":0,"id":96125}
{"prediction":0,"id":96126}
{"prediction":0,"id":96127}
{"prediction":0,"id":96128}
{"prediction":0,"id":96129}
{"prediction":0,"id":96130}
{"prediction":0,"id":96131}
{"prediction":0,"id":96132}
{"prediction":0,"id":96133}
{"prediction":0,"id":96134}
{"prediction":0,"id":96135}
{"prediction":0,"id":96136}
{"prediction":0,"id":96137}
{"prediction":0,"id":96138}
{"prediction":0,"id":96139}
{"prediction":0,"id":96140}
{"prediction":0,"id":96141}
{"prediction":0,"id":96142}
{"prediction":0,"id":96143}
{"prediction":0,"id":96144}
{"prediction":0,"id":96145}
{"prediction":0,"id":96146}
{"prediction":0,"id":96147}
{"prediction":0,"id":96148}
{"prediction":0,"id":96149}
{"prediction":0,"id":96150}
{"prediction":0,"id":96151}
{"prediction":0,"id":96152}
{"prediction":0,"id":96153}
{"prediction":0,"id":96154}
{"prediction":0,"id":96155}
{"prediction":0,"id":96156}
{"prediction":0,"id":96157}
{"prediction":0,"id":96158}
{"prediction":0,"id":96159}
{"prediction":0,"id":96160}
{"prediction":0,"id":96161}
{"prediction":0,"id":96162}
{"prediction":0,"id":96163}
{"prediction":0,"id":96164}
{"prediction":0,"id":96165}
{"prediction":0,"id":96166}
{"prediction":0,"id":96167}
{"prediction":1,"id":96168}
{"prediction":1,"id":96169}
{"prediction":0,"id":96170}
{"prediction":0,"id":96171}
{"prediction":0,"id":96172}
{"prediction":0,"id":96173}
{"prediction":0,"id":96174}
{"prediction":0,"id":96175}
{"prediction":0,"id":96176}
{"prediction":1,"id":96177}
{"prediction":0,"id":96178}
{"prediction":0,"id":96179}
{"prediction":0,"id":96180}
{"prediction":0,"id":96181}
{"prediction":0,"id":96182}
{"prediction":0,"id":96183}
{"prediction":0,"id":96184}
{"prediction":0,"id":96185}
{"prediction":0,"id":96186}
{"prediction":0,"id":96187}
{"prediction":0,"id":96188}
{"prediction":0,"id":96189}
{"prediction":0,"id":96190}
{"prediction":0,"id":96191}
{"prediction":0,"id":96192}
{"prediction":0,"id":96193}
{"prediction":0,"id":96194}
{"prediction":0,"id":96195}
{"prediction":0,"id":96196}
{"prediction":0,"id":96197}
{"prediction":0,"id":96198}
{"prediction":0,"id":96199}
{"prediction":0,"id":96200}
{"prediction":0,"id":96201}
{"prediction":0,"id":96202}
{"prediction":0,"id":96203}
{"prediction":0,"id":96204}
{"prediction":0,"id":96205}
{"prediction":0,"id":96206}
{"prediction":0,"id":96207}
{"prediction":0,"id":96208}
{"prediction":1,"id":96209}
{"prediction":0,"id":96210}
{"prediction":0,"id":96211}
{"prediction":0,"id":96212}
{"prediction":0,"id":96213}
{"prediction":0,"id":96214}
{"prediction":0,"id":96215}
{"prediction":0,"id":96216}
{"prediction":0,"id":96217}
{"prediction":0,"id":96218}
{"prediction":0,"id":96219}
{"prediction":0,"id":96220}
{"prediction":0,"id":96221}
{"prediction":0,"id":96222}
{"prediction":0,"id":96223}
{"prediction":0,"id":96224}
{"prediction":0,"id":96225}
{"prediction":0,"id":96226}
{"prediction":0,"id":96227}
{"prediction":0,"id":96228}
{"prediction":0,"id":96229}
{"prediction":0,"id":96230}
{"prediction":0,"id":96231}
{"prediction":0,"id":96232}
{"prediction":0,"id":96233}
{"prediction":0,"id":96234}
{"prediction":0,"id":96235}
{"prediction":0,"id":96236}
{"prediction":1,"id":96237}
{"prediction":0,"id":96238}
{"prediction":0,"id":96239}
{"prediction":0,"id":96240}
{"prediction":0,"id":96241}
{"prediction":0,"id":96242}
{"prediction":0,"id":96243}
{"prediction":0,"id":96244}
{"prediction":0,"id":96245}
{"prediction":0,"id":96246}
{"prediction":0,"id":96247}
{"prediction":0,"id":96248}
{"prediction":0,"id":96249}
