{"id":33051,"prediction":0}
{"id":32773,"prediction":0}
{"id":32639,"prediction":1}
{"id":31758,"prediction":0}
{"id":31871,"prediction":1}
{"id":30422,"prediction":0}
{"id":31314,"prediction":1}
{"id":30342,"prediction":0}
{"id":30716,"prediction":0}
{"id":31164,"prediction":1}
{"id":30618,"prediction":0}
{"id":33098,"prediction":0}
{"id":30920,"prediction":1}
{"id":32808,"prediction":0}
{"id":32187,"prediction":1}
{"id":31021,"prediction":1}
{"id":30223,"prediction":0}
{"id":32785,"prediction":0}
{"id":31711,"prediction":1}
{"id":33240,"prediction":1}
{"id":32475,"prediction":0}
{"id":31891,"prediction":0}
{"id":32831,"prediction":0}
{"id":32003,"prediction":0}
{"id":30358,"prediction":0}
{"id":30148,"prediction":0}
{"id":32839,"prediction":0}
{"id":30574,"prediction":1}
{"id":31119,"prediction":0}
{"id":30523,"prediction":0}
{"id":31747,"prediction":0}
{"id":32470,"prediction":0}
{"id":30867,"prediction":0}
{"id":32532,"prediction":1}
{"id":32913,"prediction":1}
{"id":31268,"prediction":0}
{"id":31661,"prediction":0}
{"id":32007,"prediction":0}
{"id":30797,"prediction":0}
{"id":31699,"prediction":1}
{"id":31200,"prediction":1}
{"id":32497,"prediction":0}
{"id":31115,"prediction":1}
{"id":31705,"prediction":1}
{"id":30599,"prediction":0}
{"id":30161,"prediction":0}
{"id":32501,"prediction":0}
{"id":31053,"prediction":1}
{"id":32594,"prediction":0}
{"id":32546,"prediction":0}
{"id":32297,"prediction":0}
{"id":30881,"prediction":1}
{"id":33004,"prediction":0}
{"id":31153,"prediction":0}
{"id":32925,"prediction":0}
{"id":31673,"prediction":0}
{"id":31715,"prediction":0}
{"id":30024,"prediction":0}
{"id":31429,"prediction":1}
{"id":30351,"prediction":0}
{"id":31050,"prediction":1}
{"id":30073,"prediction":0}
{"id":31573,"prediction":1}
{"id":31501,"prediction":0}
{"id":32983,"prediction":0}
{"id":31759,"prediction":0}
{"id":30355,"prediction":0}
{"id":32892,"prediction":1}
{"id":31131,"prediction":0}
{"id":30617,"prediction":0}
{"id":30341,"prediction":0}
{"id":33136,"prediction":0}
{"id":30664,"prediction":0}
{"id":31752,"prediction":0}
{"id":32582,"prediction":0}
{"id":31776,"prediction":0}
{"id":33281,"prediction":1}
{"id":30813,"prediction":1}
{"id":30313,"prediction":0}
{"id":31294,"prediction":1}
{"id":30713,"prediction":1}
{"id":30872,"prediction":0}
{"id":32638,"prediction":1}
{"id":31121,"prediction":1}
{"id":32439,"prediction":0}
{"id":31346,"prediction":1}
{"id":31839,"prediction":0}
{"id":33275,"prediction":0}
{"id":32894,"prediction":0}
{"id":32056,"prediction":0}
{"id":30879,"prediction":0}
{"id":30988,"prediction":1}
{"id":30717,"prediction":0}
{"id":30888,"prediction":0}
{"id":31670,"prediction":0}
{"id":32420,"prediction":1}
{"id":32901,"prediction":0}
{"id":33065,"prediction":0}
{"id":31749,"prediction":0}
{"id":32987,"prediction":0}
{"id":31641,"prediction":0}
{"id":30141,"prediction":1}
{"id":30144,"prediction":0}
{"id":31254,"prediction":0}
{"id":32130,"prediction":1}
{"id":31916,"prediction":0}
{"id":31748,"prediction":1}
{"id":31497,"prediction":0}
{"id":31485,"prediction":0}
{"id":31675,"prediction":0}
{"id":31730,"prediction":1}
{"id":32772,"prediction":0}
{"id":30873,"prediction":1}
{"id":33067,"prediction":0}
{"id":31656,"prediction":0}
{"id":32303,"prediction":0}
{"id":31347,"prediction":0}
{"id":31334,"prediction":1}
{"id":32939,"prediction":0}
{"id":31702,"prediction":1}
{"id":31136,"prediction":0}
{"id":33003,"prediction":1}
{"id":30983,"prediction":0}
{"id":32807,"prediction":0}
{"id":32851,"prediction":1}
{"id":33071,"prediction":0}
{"id":30665,"prediction":1}
{"id":30276,"prediction":0}
{"id":32560,"prediction":0}
{"id":32779,"prediction":0}
{"id":30704,"prediction":0}
{"id":32189,"prediction":1}
{"id":30499,"prediction":0}
{"id":31666,"prediction":0}
{"id":33264,"prediction":0}
{"id":32920,"prediction":0}
{"id":32643,"prediction":0}
{"id":30208,"prediction":0}
{"id":31373,"prediction":0}
{"id":31637,"prediction":0}
{"id":31302,"prediction":0}
{"id":33064,"prediction":0}
{"id":31264,"prediction":1}
{"id":30206,"prediction":0}
{"id":31486,"prediction":0}
{"id":33255,"prediction":1}
{"id":32879,"prediction":0}
{"id":32499,"prediction":0}
{"id":30819,"prediction":1}
{"id":32802,"prediction":0}
{"id":31149,"prediction":0}
{"id":30798,"prediction":0}
{"id":32438,"prediction":0}
{"id":33155,"prediction":0}
{"id":30526,"prediction":1}
{"id":31719,"prediction":0}
{"id":30582,"prediction":0}
{"id":30346,"prediction":0}
{"id":32990,"prediction":1}
{"id":32049,"prediction":0}
{"id":32804,"prediction":0}
{"id":30418,"prediction":0}
{"id":31499,"prediction":0}
{"id":32769,"prediction":0}
{"id":32849,"prediction":0}
{"id":31649,"prediction":0}
{"id":30217,"prediction":0}
{"id":32671,"prediction":0}
{"id":32796,"prediction":0}
{"id":32897,"prediction":0}
{"id":32876,"prediction":0}
{"id":33059,"prediction":0}
{"id":31201,"prediction":1}
{"id":31296,"prediction":1}
{"id":30862,"prediction":1}
{"id":33131,"prediction":1}
{"id":30998,"prediction":1}
{"id":31312,"prediction":0}
{"id":31741,"prediction":0}
{"id":32503,"prediction":0}
{"id":33154,"prediction":0}
{"id":31500,"prediction":0}
{"id":32597,"prediction":0}
{"id":31767,"prediction":0}
{"id":30273,"prediction":1}
{"id":31890,"prediction":0}
{"id":31574,"prediction":0}
{"id":33168,"prediction":1}
{"id":32923,"prediction":0}
{"id":30018,"prediction":1}
{"id":31914,"prediction":0}
{"id":31173,"prediction":1}
{"id":31994,"prediction":0}
{"id":30899,"prediction":1}
{"id":30324,"prediction":0}
{"id":30154,"prediction":1}
{"id":30991,"prediction":0}
{"id":30348,"prediction":0}
{"id":32777,"prediction":0}
{"id":32552,"prediction":0}
{"id":31005,"prediction":0}
{"id":30977,"prediction":0}
{"id":31650,"prediction":0}
{"id":31212,"prediction":0}
{"id":30504,"prediction":0}
{"id":32944,"prediction":1}
{"id":31739,"prediction":0}
{"id":30616,"prediction":0}
{"id":30877,"prediction":1}
{"id":30818,"prediction":0}
{"id":32418,"prediction":1}
{"id":31157,"prediction":1}
{"id":31220,"prediction":1}
{"id":32761,"prediction":0}
{"id":32890,"prediction":0}
{"id":31544,"prediction":1}
{"id":30328,"prediction":1}
{"id":30209,"prediction":0}
{"id":32799,"prediction":0}
{"id":31854,"prediction":0}
{"id":33282,"prediction":1}
{"id":31284,"prediction":0}
{"id":32008,"prediction":0}
{"id":31506,"prediction":0}
{"id":32942,"prediction":1}
{"id":31481,"prediction":0}
{"id":31120,"prediction":0}
{"id":31833,"prediction":0}
{"id":30708,"prediction":0}
{"id":32842,"prediction":0}
{"id":32527,"prediction":1}
{"id":31530,"prediction":1}
{"id":32800,"prediction":0}
{"id":31721,"prediction":1}
{"id":32884,"prediction":0}
{"id":30974,"prediction":0}
{"id":32999,"prediction":0}
{"id":33078,"prediction":0}
{"id":30711,"prediction":0}
{"id":30932,"prediction":0}
{"id":31825,"prediction":0}
{"id":32825,"prediction":1}
{"id":31991,"prediction":1}
{"id":30805,"prediction":1}
{"id":32302,"prediction":0}
{"id":30935,"prediction":0}
{"id":30219,"prediction":0}
{"id":31493,"prediction":0}
{"id":33140,"prediction":0}
{"id":30221,"prediction":0}
{"id":31579,"prediction":0}
{"id":32599,"prediction":1}
{"id":31651,"prediction":0}
{"id":31137,"prediction":0}
{"id":30993,"prediction":1}
{"id":30674,"prediction":1}
{"id":33058,"prediction":0}
{"id":31126,"prediction":1}
{"id":31148,"prediction":1}
{"id":30934,"prediction":0}
{"id":31665,"prediction":0}
{"id":32601,"prediction":0}
{"id":30602,"prediction":0}
{"id":31996,"prediction":0}
{"id":32553,"prediction":0}
{"id":32792,"prediction":0}
{"id":32882,"prediction":0}
{"id":31644,"prediction":0}
{"id":30896,"prediction":1}
{"id":32980,"prediction":0}
{"id":32551,"prediction":0}
{"id":30714,"prediction":1}
{"id":30672,"prediction":0}
{"id":31638,"prediction":0}
{"id":31645,"prediction":0}
{"id":30806,"prediction":0}
{"id":31821,"prediction":0}
{"id":32528,"prediction":0}
{"id":31856,"prediction":0}
{"id":30146,"prediction":0}
{"id":32053,"prediction":0}
{"id":31342,"prediction":0}
{"id":30312,"prediction":0}
{"id":32555,"prediction":0}
{"id":30041,"prediction":0}
{"id":31505,"prediction":1}
{"id":33274,"prediction":1}
{"id":32767,"prediction":0}
{"id":32304,"prediction":0}
{"id":30531,"prediction":0}
{"id":32542,"prediction":1}
{"id":31669,"prediction":0}
{"id":31989,"prediction":0}
{"id":32044,"prediction":0}
{"id":30363,"prediction":0}
{"id":32971,"prediction":0}
{"id":30503,"prediction":0}
{"id":31024,"prediction":1}
{"id":32871,"prediction":1}
{"id":33158,"prediction":0}
{"id":31722,"prediction":0}
{"id":32666,"prediction":1}
{"id":32835,"prediction":1}
{"id":33055,"prediction":0}
{"id":30067,"prediction":1}
{"id":32190,"prediction":1}
{"id":30588,"prediction":0}
{"id":33066,"prediction":0}
{"id":32500,"prediction":1}
{"id":32891,"prediction":0}
{"id":31321,"prediction":0}
{"id":31023,"prediction":1}
{"id":31055,"prediction":1}
{"id":33251,"prediction":1}
{"id":30592,"prediction":0}
{"id":30135,"prediction":0}
{"id":33261,"prediction":0}
{"id":30519,"prediction":0}
{"id":32128,"prediction":1}
{"id":30706,"prediction":0}
{"id":32896,"prediction":0}
{"id":30883,"prediction":0}
{"id":30349,"prediction":0}
{"id":31886,"prediction":0}
{"id":31001,"prediction":0}
{"id":32291,"prediction":0}
{"id":31975,"prediction":1}
{"id":30508,"prediction":0}
{"id":31003,"prediction":0}
{"id":31820,"prediction":1}
{"id":32584,"prediction":0}
{"id":32468,"prediction":1}
{"id":31498,"prediction":0}
{"id":32881,"prediction":0}
{"id":31695,"prediction":1}
{"id":32996,"prediction":0}
{"id":33079,"prediction":0}
{"id":33005,"prediction":0}
{"id":32581,"prediction":0}
{"id":30585,"prediction":1}
{"id":31772,"prediction":0}
{"id":30040,"prediction":0}
{"id":31834,"prediction":0}
{"id":31902,"prediction":1}
{"id":30064,"prediction":1}
{"id":30364,"prediction":0}
{"id":31317,"prediction":0}
{"id":31495,"prediction":0}
{"id":32774,"prediction":0}
{"id":30332,"prediction":1}
{"id":31222,"prediction":0}
{"id":33130,"prediction":1}
{"id":30516,"prediction":1}
{"id":30976,"prediction":0}
{"id":30497,"prediction":0}
{"id":31980,"prediction":1}
{"id":31375,"prediction":1}
{"id":32004,"prediction":0}
{"id":30496,"prediction":1}
{"id":30971,"prediction":1}
{"id":32993,"prediction":0}
{"id":31475,"prediction":0}
{"id":31742,"prediction":0}
{"id":32574,"prediction":1}
{"id":31018,"prediction":1}
{"id":31696,"prediction":1}
{"id":31172,"prediction":1}
{"id":31827,"prediction":0}
{"id":31324,"prediction":1}
{"id":31215,"prediction":0}
{"id":32902,"prediction":0}
{"id":31426,"prediction":1}
{"id":31893,"prediction":0}
{"id":32873,"prediction":0}
{"id":31982,"prediction":0}
{"id":33152,"prediction":0}
{"id":30361,"prediction":1}
{"id":33138,"prediction":0}
{"id":30307,"prediction":0}
{"id":31158,"prediction":1}
{"id":31744,"prediction":1}
{"id":32541,"prediction":1}
{"id":31213,"prediction":1}
{"id":31507,"prediction":0}
{"id":32848,"prediction":0}
{"id":31769,"prediction":0}
{"id":32565,"prediction":0}
{"id":31908,"prediction":0}
{"id":30922,"prediction":0}
{"id":30026,"prediction":1}
{"id":32843,"prediction":0}
{"id":30870,"prediction":0}
{"id":30301,"prediction":0}
{"id":31473,"prediction":0}
{"id":33000,"prediction":0}
{"id":31750,"prediction":0}
{"id":31352,"prediction":0}
{"id":31911,"prediction":1}
{"id":30152,"prediction":1}
{"id":33074,"prediction":0}
{"id":30428,"prediction":0}
{"id":31778,"prediction":0}
{"id":32476,"prediction":1}
{"id":31056,"prediction":1}
{"id":31836,"prediction":0}
{"id":30157,"prediction":0}
{"id":32557,"prediction":0}
{"id":30275,"prediction":1}
{"id":30151,"prediction":1}
{"id":30027,"prediction":1}
{"id":32417,"prediction":1}
{"id":31766,"prediction":0}
{"id":33249,"prediction":0}
{"id":31757,"prediction":0}
{"id":32975,"prediction":0}
{"id":32193,"prediction":0}
{"id":30518,"prediction":0}
{"id":31976,"prediction":0}
{"id":31123,"prediction":0}
{"id":33070,"prediction":0}
{"id":32591,"prediction":1}
{"id":30274,"prediction":0}
{"id":32561,"prediction":0}
{"id":32413,"prediction":1}
{"id":32878,"prediction":0}
{"id":30513,"prediction":0}
{"id":30069,"prediction":1}
{"id":32763,"prediction":0}
{"id":33054,"prediction":0}
{"id":33050,"prediction":1}
{"id":30894,"prediction":0}
{"id":31211,"prediction":1}
{"id":31733,"prediction":0}
{"id":32886,"prediction":1}
{"id":31545,"prediction":0}
{"id":32832,"prediction":0}
{"id":31992,"prediction":1}
{"id":31718,"prediction":0}
{"id":31156,"prediction":0}
{"id":31204,"prediction":1}
{"id":31230,"prediction":0}
{"id":31987,"prediction":0}
{"id":30074,"prediction":1}
{"id":32524,"prediction":1}
{"id":31743,"prediction":0}
{"id":31547,"prediction":1}
{"id":30423,"prediction":0}
{"id":30042,"prediction":0}
{"id":31260,"prediction":0}
{"id":32440,"prediction":0}
{"id":31777,"prediction":0}
{"id":31104,"prediction":0}
{"id":31629,"prediction":0}
{"id":33248,"prediction":0}
{"id":30347,"prediction":0}
{"id":30580,"prediction":0}
{"id":32806,"prediction":0}
{"id":32305,"prediction":1}
{"id":31628,"prediction":1}
{"id":30679,"prediction":1}
{"id":31853,"prediction":0}
{"id":32583,"prediction":0}
{"id":30149,"prediction":0}
{"id":31903,"prediction":1}
{"id":31826,"prediction":0}
{"id":30810,"prediction":0}
{"id":30923,"prediction":1}
{"id":30218,"prediction":0}
{"id":30039,"prediction":0}
{"id":30330,"prediction":1}
{"id":30353,"prediction":0}
{"id":32504,"prediction":0}
{"id":30718,"prediction":1}
{"id":31707,"prediction":0}
{"id":30022,"prediction":0}
{"id":32537,"prediction":1}
{"id":30856,"prediction":0}
{"id":30898,"prediction":1}
{"id":31098,"prediction":1}
{"id":31322,"prediction":0}
{"id":30885,"prediction":0}
{"id":31127,"prediction":0}
{"id":30812,"prediction":0}
{"id":31135,"prediction":0}
{"id":31630,"prediction":0}
{"id":31484,"prediction":0}
{"id":30424,"prediction":0}
{"id":30596,"prediction":0}
{"id":32416,"prediction":0}
{"id":31205,"prediction":0}
{"id":30615,"prediction":0}
{"id":30584,"prediction":1}
{"id":32644,"prediction":0}
{"id":31723,"prediction":1}
{"id":31155,"prediction":0}
{"id":32872,"prediction":1}
{"id":32575,"prediction":0}
{"id":31101,"prediction":0}
{"id":31832,"prediction":1}
{"id":32943,"prediction":0}
{"id":32055,"prediction":0}
{"id":31779,"prediction":1}
{"id":30333,"prediction":1}
{"id":30808,"prediction":0}
{"id":31728,"prediction":0}
{"id":32517,"prediction":0}
{"id":30926,"prediction":0}
{"id":33049,"prediction":1}
{"id":30604,"prediction":0}
{"id":30985,"prediction":1}
{"id":30607,"prediction":0}
{"id":33259,"prediction":0}
{"id":32836,"prediction":1}
{"id":31267,"prediction":0}
{"id":30335,"prediction":1}
{"id":30685,"prediction":1}
{"id":33135,"prediction":0}
{"id":31348,"prediction":1}
{"id":31301,"prediction":1}
{"id":30800,"prediction":0}
{"id":32595,"prediction":0}
{"id":32791,"prediction":0}
{"id":30865,"prediction":1}
{"id":30019,"prediction":0}
{"id":32829,"prediction":1}
{"id":30678,"prediction":1}
{"id":31315,"prediction":0}
{"id":31674,"prediction":1}
{"id":31910,"prediction":1}
{"id":31900,"prediction":0}
{"id":31965,"prediction":1}
{"id":32002,"prediction":0}
{"id":32846,"prediction":0}
{"id":31894,"prediction":0}
{"id":31103,"prediction":1}
{"id":31995,"prediction":0}
{"id":31631,"prediction":1}
{"id":30225,"prediction":0}
{"id":31337,"prediction":0}
{"id":30994,"prediction":1}
{"id":31901,"prediction":0}
{"id":32043,"prediction":0}
{"id":31578,"prediction":0}
{"id":31830,"prediction":0}
{"id":30511,"prediction":1}
{"id":32972,"prediction":0}
{"id":32789,"prediction":0}
{"id":30669,"prediction":0}
{"id":31163,"prediction":0}
{"id":30573,"prediction":1}
{"id":30893,"prediction":1}
{"id":30590,"prediction":0}
{"id":31160,"prediction":1}
{"id":31658,"prediction":0}
{"id":31504,"prediction":0}
{"id":31477,"prediction":0}
{"id":30575,"prediction":1}
{"id":32045,"prediction":0}
{"id":31161,"prediction":1}
{"id":31736,"prediction":1}
{"id":33167,"prediction":0}
{"id":31320,"prediction":0}
{"id":31259,"prediction":0}
{"id":32883,"prediction":0}
{"id":31025,"prediction":0}
{"id":32828,"prediction":1}
{"id":31720,"prediction":1}
{"id":31737,"prediction":0}
{"id":31732,"prediction":0}
{"id":32604,"prediction":0}
{"id":32850,"prediction":0}
{"id":32668,"prediction":0}
{"id":33278,"prediction":0}
{"id":30807,"prediction":0}
{"id":30359,"prediction":0}
{"id":31345,"prediction":0}
{"id":32299,"prediction":0}
{"id":31694,"prediction":1}
{"id":30707,"prediction":1}
{"id":32793,"prediction":0}
{"id":31280,"prediction":1}
{"id":32550,"prediction":0}
{"id":32580,"prediction":0}
{"id":30277,"prediction":1}
{"id":31482,"prediction":0}
{"id":30066,"prediction":0}
{"id":31168,"prediction":0}
{"id":31899,"prediction":1}
{"id":31866,"prediction":1}
{"id":30609,"prediction":1}
{"id":30712,"prediction":1}
{"id":31735,"prediction":1}
{"id":30159,"prediction":1}
{"id":30858,"prediction":0}
{"id":31575,"prediction":0}
{"id":31828,"prediction":1}
{"id":33096,"prediction":1}
{"id":30933,"prediction":0}
{"id":30308,"prediction":0}
{"id":32844,"prediction":1}
{"id":32940,"prediction":1}
{"id":30851,"prediction":0}
{"id":31171,"prediction":1}
{"id":32988,"prediction":0}
{"id":30667,"prediction":0}
{"id":31609,"prediction":1}
{"id":31297,"prediction":0}
{"id":31860,"prediction":0}
{"id":32529,"prediction":1}
{"id":30031,"prediction":0}
{"id":33146,"prediction":1}
{"id":32914,"prediction":1}
{"id":32192,"prediction":1}
{"id":30309,"prediction":0}
{"id":30323,"prediction":0}
{"id":31546,"prediction":1}
{"id":31822,"prediction":0}
{"id":32887,"prediction":1}
{"id":31712,"prediction":0}
{"id":30315,"prediction":1}
{"id":30527,"prediction":0}
{"id":30799,"prediction":1}
{"id":31838,"prediction":0}
{"id":32540,"prediction":1}
{"id":31698,"prediction":1}
{"id":32593,"prediction":0}
{"id":32005,"prediction":0}
{"id":30939,"prediction":0}
{"id":32294,"prediction":0}
{"id":31006,"prediction":0}
{"id":32941,"prediction":0}
{"id":32516,"prediction":0}
{"id":31640,"prediction":0}
{"id":30505,"prediction":0}
{"id":32768,"prediction":1}
{"id":31859,"prediction":0}
{"id":30995,"prediction":1}
{"id":31325,"prediction":1}
{"id":31133,"prediction":0}
{"id":30610,"prediction":0}
{"id":30038,"prediction":0}
{"id":30613,"prediction":0}
{"id":30215,"prediction":0}
{"id":31311,"prediction":1}
{"id":30589,"prediction":0}
{"id":31897,"prediction":1}
{"id":33253,"prediction":0}
{"id":31906,"prediction":0}
{"id":31780,"prediction":0}
{"id":30350,"prediction":0}
{"id":30855,"prediction":0}
{"id":33260,"prediction":0}
{"id":31782,"prediction":0}
{"id":32425,"prediction":0}
{"id":32292,"prediction":0}
{"id":30298,"prediction":0}
{"id":30854,"prediction":0}
{"id":32994,"prediction":0}
{"id":32539,"prediction":0}
{"id":31734,"prediction":0}
{"id":30216,"prediction":1}
{"id":32874,"prediction":1}
{"id":30972,"prediction":0}
{"id":31870,"prediction":1}
{"id":32472,"prediction":0}
{"id":31371,"prediction":0}
{"id":31177,"prediction":1}
{"id":33099,"prediction":0}
{"id":31496,"prediction":0}
{"id":33273,"prediction":0}
{"id":30153,"prediction":0}
{"id":32307,"prediction":0}
{"id":31224,"prediction":0}
{"id":31794,"prediction":1}
{"id":30211,"prediction":0}
{"id":32602,"prediction":1}
{"id":31768,"prediction":0}
{"id":30302,"prediction":0}
{"id":31343,"prediction":1}
{"id":30676,"prediction":0}
{"id":30891,"prediction":0}
{"id":30996,"prediction":0}
{"id":30036,"prediction":0}
{"id":30598,"prediction":0}
{"id":33097,"prediction":1}
{"id":30677,"prediction":0}
{"id":30938,"prediction":1}
{"id":31973,"prediction":1}
{"id":31209,"prediction":0}
{"id":32788,"prediction":0}
{"id":32781,"prediction":0}
{"id":31338,"prediction":0}
{"id":33072,"prediction":0}
{"id":31174,"prediction":1}
{"id":30593,"prediction":0}
{"id":32636,"prediction":1}
{"id":31019,"prediction":1}
{"id":32518,"prediction":0}
{"id":32764,"prediction":0}
{"id":32556,"prediction":0}
{"id":31868,"prediction":0}
{"id":32554,"prediction":0}
{"id":31492,"prediction":1}
{"id":32559,"prediction":0}
{"id":30137,"prediction":0}
{"id":31898,"prediction":0}
{"id":32576,"prediction":0}
{"id":31344,"prediction":0}
{"id":31580,"prediction":0}
{"id":33053,"prediction":0}
{"id":31610,"prediction":1}
{"id":32596,"prediction":0}
{"id":32296,"prediction":0}
{"id":31151,"prediction":1}
{"id":30032,"prediction":1}
{"id":30075,"prediction":0}
{"id":31896,"prediction":1}
{"id":30521,"prediction":0}
{"id":33148,"prediction":0}
{"id":32801,"prediction":0}
{"id":30517,"prediction":1}
{"id":32038,"prediction":1}
{"id":31202,"prediction":1}
{"id":32579,"prediction":0}
{"id":31773,"prediction":0}
{"id":31611,"prediction":0}
{"id":30929,"prediction":0}
{"id":32969,"prediction":0}
{"id":31668,"prediction":1}
{"id":32978,"prediction":0}
{"id":32040,"prediction":1}
{"id":32670,"prediction":0}
{"id":30591,"prediction":0}
{"id":33276,"prediction":1}
{"id":31634,"prediction":0}
{"id":33266,"prediction":0}
{"id":30338,"prediction":0}
{"id":30367,"prediction":0}
{"id":31159,"prediction":1}
{"id":32937,"prediction":1}
{"id":31771,"prediction":0}
{"id":31864,"prediction":1}
{"id":30703,"prediction":0}
{"id":31339,"prediction":0}
{"id":31331,"prediction":0}
{"id":30984,"prediction":0}
{"id":30852,"prediction":1}
{"id":30334,"prediction":1}
{"id":30134,"prediction":1}
{"id":31639,"prediction":0}
{"id":31861,"prediction":0}
{"id":31529,"prediction":1}
{"id":31990,"prediction":0}
{"id":30356,"prediction":0}
{"id":30606,"prediction":0}
{"id":31647,"prediction":0}
{"id":30515,"prediction":1}
{"id":32526,"prediction":0}
{"id":30035,"prediction":0}
{"id":32533,"prediction":0}
{"id":33166,"prediction":0}
{"id":31664,"prediction":0}
{"id":31300,"prediction":0}
{"id":31887,"prediction":0}
{"id":30555,"prediction":1}
{"id":31998,"prediction":0}
{"id":31105,"prediction":1}
{"id":30887,"prediction":0}
{"id":31330,"prediction":0}
{"id":31662,"prediction":0}
{"id":30207,"prediction":0}
{"id":30337,"prediction":0}
{"id":31225,"prediction":1}
{"id":31660,"prediction":1}
{"id":31008,"prediction":0}
{"id":31745,"prediction":0}
{"id":31672,"prediction":0}
{"id":30369,"prediction":0}
{"id":30809,"prediction":0}
{"id":30824,"prediction":0}
{"id":31867,"prediction":1}
{"id":32131,"prediction":1}
{"id":31760,"prediction":1}
{"id":30370,"prediction":0}
{"id":30528,"prediction":1}
{"id":32982,"prediction":0}
{"id":32778,"prediction":0}
{"id":31576,"prediction":0}
{"id":30025,"prediction":0}
{"id":31710,"prediction":0}
{"id":30500,"prediction":0}
{"id":32840,"prediction":0}
{"id":30372,"prediction":0}
{"id":30028,"prediction":1}
{"id":33286,"prediction":0}
{"id":30311,"prediction":0}
{"id":30425,"prediction":0}
{"id":31217,"prediction":1}
{"id":31255,"prediction":0}
{"id":31643,"prediction":0}
{"id":32051,"prediction":0}
{"id":32782,"prediction":0}
{"id":31709,"prediction":1}
{"id":31020,"prediction":0}
{"id":31708,"prediction":1}
{"id":31165,"prediction":1}
{"id":33001,"prediction":1}
{"id":30823,"prediction":1}
{"id":31713,"prediction":0}
{"id":32195,"prediction":1}
{"id":31350,"prediction":0}
{"id":31824,"prediction":0}
{"id":30065,"prediction":0}
{"id":33052,"prediction":0}
{"id":32766,"prediction":0}
{"id":31635,"prediction":0}
{"id":30875,"prediction":1}
{"id":31764,"prediction":0}
{"id":33147,"prediction":0}
{"id":30062,"prediction":1}
{"id":32790,"prediction":0}
{"id":32898,"prediction":1}
{"id":30597,"prediction":0}
{"id":32536,"prediction":0}
{"id":30502,"prediction":0}
{"id":30802,"prediction":0}
{"id":31848,"prediction":1}
{"id":32469,"prediction":1}
{"id":30498,"prediction":0}
{"id":30811,"prediction":0}
{"id":30579,"prediction":0}
{"id":30205,"prediction":1}
{"id":30068,"prediction":1}
{"id":31332,"prediction":0}
{"id":31472,"prediction":1}
{"id":30522,"prediction":1}
{"id":31009,"prediction":0}
{"id":30882,"prediction":0}
{"id":30594,"prediction":0}
{"id":30982,"prediction":0}
{"id":30532,"prediction":0}
{"id":30682,"prediction":1}
{"id":32833,"prediction":1}
{"id":30864,"prediction":1}
{"id":33242,"prediction":0}
{"id":31984,"prediction":1}
{"id":32976,"prediction":0}
{"id":32605,"prediction":1}
{"id":33150,"prediction":0}
{"id":31011,"prediction":0}
{"id":30997,"prediction":1}
{"id":31175,"prediction":1}
{"id":30931,"prediction":0}
{"id":31494,"prediction":0}
{"id":32060,"prediction":0}
{"id":30895,"prediction":1}
{"id":30583,"prediction":0}
{"id":32977,"prediction":0}
{"id":32436,"prediction":0}
{"id":32515,"prediction":1}
{"id":32566,"prediction":1}
{"id":30314,"prediction":0}
{"id":33149,"prediction":0}
{"id":31970,"prediction":0}
{"id":30140,"prediction":0}
{"id":31993,"prediction":1}
{"id":33246,"prediction":0}
{"id":30975,"prediction":0}
{"id":31117,"prediction":1}
{"id":30980,"prediction":0}
{"id":30420,"prediction":0}
{"id":31885,"prediction":0}
{"id":30362,"prediction":1}
{"id":31997,"prediction":0}
{"id":33060,"prediction":1}
{"id":31203,"prediction":0}
{"id":31659,"prediction":1}
{"id":33254,"prediction":0}
{"id":33002,"prediction":1}
{"id":33252,"prediction":0}
{"id":30572,"prediction":1}
{"id":30033,"prediction":0}
{"id":30529,"prediction":1}
{"id":31132,"prediction":0}
{"id":30936,"prediction":0}
{"id":32775,"prediction":0}
{"id":31124,"prediction":0}
{"id":30605,"prediction":1}
{"id":31226,"prediction":0}
{"id":31129,"prediction":0}
{"id":30668,"prediction":0}
{"id":30850,"prediction":0}
{"id":30147,"prediction":1}
{"id":33283,"prediction":1}
{"id":31258,"prediction":0}
{"id":31257,"prediction":0}
{"id":33062,"prediction":0}
{"id":30426,"prediction":1}
{"id":30705,"prediction":1}
{"id":32437,"prediction":1}
{"id":30814,"prediction":0}
{"id":32046,"prediction":0}
{"id":30611,"prediction":1}
{"id":31252,"prediction":0}
{"id":30139,"prediction":0}
{"id":31858,"prediction":1}
{"id":33057,"prediction":0}
{"id":30300,"prediction":0}
{"id":31327,"prediction":0}
{"id":31480,"prediction":0}
{"id":30666,"prediction":0}
{"id":30155,"prediction":0}
{"id":30924,"prediction":1}
{"id":32995,"prediction":0}
{"id":30071,"prediction":1}
{"id":32419,"prediction":0}
{"id":32424,"prediction":0}
{"id":32938,"prediction":1}
{"id":33257,"prediction":1}
{"id":30999,"prediction":0}
{"id":32502,"prediction":0}
{"id":30675,"prediction":0}
{"id":32798,"prediction":0}
{"id":33272,"prediction":0}
{"id":31727,"prediction":0}
{"id":33069,"prediction":0}
{"id":33056,"prediction":1}
{"id":30927,"prediction":1}
{"id":30863,"prediction":0}
{"id":33133,"prediction":0}
{"id":31208,"prediction":0}
{"id":30063,"prediction":1}
{"id":30514,"prediction":1}
{"id":31206,"prediction":0}
{"id":31099,"prediction":0}
{"id":32826,"prediction":1}
{"id":32308,"prediction":0}
{"id":32006,"prediction":0}
{"id":30340,"prediction":0}
{"id":31969,"prediction":0}
{"id":31167,"prediction":1}
{"id":30530,"prediction":0}
{"id":32895,"prediction":0}
{"id":32047,"prediction":0}
{"id":31895,"prediction":1}
{"id":30270,"prediction":0}
{"id":30070,"prediction":1}
{"id":30820,"prediction":1}
{"id":33263,"prediction":0}
{"id":31229,"prediction":1}
{"id":31613,"prediction":1}
{"id":30299,"prediction":0}
{"id":31491,"prediction":0}
{"id":30525,"prediction":0}
{"id":31318,"prediction":0}
{"id":30037,"prediction":1}
{"id":31632,"prediction":1}
{"id":33134,"prediction":0}
{"id":31490,"prediction":0}
{"id":30595,"prediction":0}
{"id":30987,"prediction":1}
{"id":32009,"prediction":0}
{"id":30861,"prediction":0}
{"id":32903,"prediction":0}
{"id":31912,"prediction":1}
{"id":30150,"prediction":0}
{"id":33076,"prediction":0}
{"id":32784,"prediction":0}
{"id":33153,"prediction":0}
{"id":33239,"prediction":1}
{"id":32830,"prediction":1}
{"id":30325,"prediction":0}
{"id":31221,"prediction":0}
{"id":32780,"prediction":0}
{"id":33141,"prediction":0}
{"id":31837,"prediction":0}
{"id":33267,"prediction":0}
{"id":32888,"prediction":1}
{"id":31152,"prediction":1}
{"id":31283,"prediction":1}
{"id":31966,"prediction":1}
{"id":31717,"prediction":0}
{"id":31319,"prediction":0}
{"id":31503,"prediction":0}
{"id":30874,"prediction":1}
{"id":31487,"prediction":0}
{"id":31700,"prediction":0}
{"id":32900,"prediction":1}
{"id":30501,"prediction":0}
{"id":30816,"prediction":0}
{"id":31227,"prediction":0}
{"id":30921,"prediction":0}
{"id":32984,"prediction":0}
{"id":31370,"prediction":1}
{"id":30160,"prediction":1}
{"id":32422,"prediction":1}
{"id":32776,"prediction":0}
{"id":31265,"prediction":1}
{"id":31852,"prediction":0}
{"id":32637,"prediction":0}
{"id":30577,"prediction":1}
{"id":32803,"prediction":1}
{"id":32603,"prediction":0}
{"id":31648,"prediction":0}
{"id":33247,"prediction":0}
{"id":30357,"prediction":0}
{"id":30336,"prediction":0}
{"id":32293,"prediction":0}
{"id":31636,"prediction":1}
{"id":31835,"prediction":0}
{"id":31326,"prediction":1}
{"id":30272,"prediction":1}
{"id":30889,"prediction":0}
{"id":31262,"prediction":1}
{"id":31298,"prediction":1}
{"id":30890,"prediction":0}
{"id":30886,"prediction":0}
{"id":30271,"prediction":0}
{"id":30986,"prediction":0}
{"id":33063,"prediction":0}
{"id":30869,"prediction":1}
{"id":30614,"prediction":0}
{"id":31223,"prediction":0}
{"id":32001,"prediction":0}
{"id":33068,"prediction":0}
{"id":33142,"prediction":0}
{"id":32915,"prediction":0}
{"id":30587,"prediction":1}
{"id":32471,"prediction":0}
{"id":31128,"prediction":0}
{"id":30859,"prediction":0}
{"id":32306,"prediction":0}
{"id":30551,"prediction":1}
{"id":31667,"prediction":0}
{"id":33244,"prediction":0}
{"id":33139,"prediction":0}
{"id":33151,"prediction":0}
{"id":32194,"prediction":1}
{"id":30973,"prediction":1}
{"id":31125,"prediction":0}
{"id":31479,"prediction":0}
{"id":31889,"prediction":0}
{"id":31102,"prediction":0}
{"id":30213,"prediction":0}
{"id":31054,"prediction":1}
{"id":32496,"prediction":1}
{"id":30020,"prediction":1}
{"id":31572,"prediction":1}
{"id":31746,"prediction":1}
{"id":30419,"prediction":0}
{"id":30210,"prediction":0}
{"id":31483,"prediction":0}
{"id":32667,"prediction":0}
{"id":31655,"prediction":0}
{"id":32870,"prediction":1}
{"id":31981,"prediction":1}
{"id":31051,"prediction":0}
{"id":32787,"prediction":0}
{"id":31303,"prediction":0}
{"id":32531,"prediction":1}
{"id":30339,"prediction":0}
{"id":30345,"prediction":0}
{"id":31654,"prediction":1}
{"id":31872,"prediction":0}
{"id":30849,"prediction":0}
{"id":32052,"prediction":0}
{"id":31657,"prediction":0}
{"id":31855,"prediction":1}
{"id":31888,"prediction":0}
{"id":30681,"prediction":0}
{"id":30427,"prediction":0}
{"id":30023,"prediction":1}
{"id":30138,"prediction":0}
{"id":30317,"prediction":0}
{"id":32521,"prediction":0}
{"id":32544,"prediction":1}
{"id":33061,"prediction":0}
{"id":31313,"prediction":1}
{"id":33143,"prediction":0}
{"id":32295,"prediction":0}
{"id":32875,"prediction":0}
{"id":31004,"prediction":1}
{"id":32974,"prediction":1}
{"id":31299,"prediction":1}
{"id":30329,"prediction":0}
{"id":30868,"prediction":0}
{"id":32992,"prediction":0}
{"id":30212,"prediction":0}
{"id":31170,"prediction":0}
{"id":30709,"prediction":1}
{"id":33250,"prediction":0}
{"id":31286,"prediction":0}
{"id":32760,"prediction":1}
{"id":30880,"prediction":0}
{"id":31740,"prediction":0}
{"id":32765,"prediction":0}
{"id":30937,"prediction":1}
{"id":30878,"prediction":1}
{"id":30576,"prediction":1}
{"id":31253,"prediction":0}
{"id":32641,"prediction":1}
{"id":32600,"prediction":0}
{"id":31823,"prediction":0}
{"id":31106,"prediction":1}
{"id":31281,"prediction":1}
{"id":32904,"prediction":0}
{"id":32564,"prediction":0}
{"id":30981,"prediction":0}
{"id":32997,"prediction":0}
{"id":31502,"prediction":0}
{"id":32786,"prediction":0}
{"id":32543,"prediction":1}
{"id":32991,"prediction":0}
{"id":30306,"prediction":0}
{"id":30848,"prediction":1}
{"id":31282,"prediction":0}
{"id":33137,"prediction":0}
{"id":31531,"prediction":1}
{"id":32058,"prediction":0}
{"id":32547,"prediction":0}
{"id":31781,"prediction":0}
{"id":32921,"prediction":0}
{"id":31372,"prediction":1}
{"id":30978,"prediction":0}
{"id":33165,"prediction":0}
{"id":30343,"prediction":0}
{"id":30900,"prediction":0}
{"id":32132,"prediction":1}
{"id":33269,"prediction":0}
{"id":32298,"prediction":0}
{"id":32129,"prediction":1}
{"id":31716,"prediction":0}
{"id":30305,"prediction":0}
{"id":31977,"prediction":1}
{"id":31762,"prediction":1}
{"id":30365,"prediction":1}
{"id":32578,"prediction":0}
{"id":33077,"prediction":0}
{"id":31166,"prediction":1}
{"id":32762,"prediction":0}
{"id":31210,"prediction":0}
{"id":30222,"prediction":0}
{"id":30897,"prediction":0}
{"id":31849,"prediction":0}
{"id":31100,"prediction":0}
{"id":31974,"prediction":1}
{"id":33265,"prediction":0}
{"id":32669,"prediction":1}
{"id":30817,"prediction":0}
{"id":30214,"prediction":0}
{"id":30136,"prediction":0}
{"id":31999,"prediction":1}
{"id":31295,"prediction":1}
{"id":30586,"prediction":0}
{"id":32562,"prediction":0}
{"id":31907,"prediction":0}
{"id":31022,"prediction":0}
{"id":32880,"prediction":0}
{"id":30801,"prediction":0}
{"id":32926,"prediction":0}
{"id":30145,"prediction":1}
{"id":31130,"prediction":0}
{"id":32868,"prediction":1}
{"id":31873,"prediction":0}
{"id":32498,"prediction":0}
{"id":30684,"prediction":1}
{"id":30327,"prediction":0}
{"id":32522,"prediction":0}
{"id":31218,"prediction":0}
{"id":30866,"prediction":1}
{"id":30683,"prediction":1}
{"id":31122,"prediction":0}
{"id":31865,"prediction":1}
{"id":31857,"prediction":0}
{"id":30892,"prediction":1}
{"id":30578,"prediction":1}
{"id":31862,"prediction":0}
{"id":32795,"prediction":0}
{"id":33157,"prediction":0}
{"id":30421,"prediction":0}
{"id":31000,"prediction":0}
{"id":32981,"prediction":0}
{"id":31770,"prediction":0}
{"id":31285,"prediction":0}
{"id":32986,"prediction":0}
{"id":32841,"prediction":1}
{"id":32473,"prediction":0}
{"id":32967,"prediction":1}
{"id":31979,"prediction":1}
{"id":31967,"prediction":0}
{"id":30224,"prediction":0}
{"id":31633,"prediction":1}
{"id":31652,"prediction":0}
{"id":33258,"prediction":0}
{"id":33256,"prediction":1}
{"id":31162,"prediction":1}
{"id":31986,"prediction":1}
{"id":31869,"prediction":0}
{"id":33156,"prediction":0}
{"id":32577,"prediction":0}
{"id":31701,"prediction":1}
{"id":32783,"prediction":0}
{"id":30979,"prediction":1}
{"id":30670,"prediction":0}
{"id":31207,"prediction":1}
{"id":32834,"prediction":1}
{"id":32838,"prediction":1}
{"id":31118,"prediction":0}
{"id":30876,"prediction":1}
{"id":31851,"prediction":0}
{"id":31349,"prediction":0}
{"id":30884,"prediction":0}
{"id":32535,"prediction":0}
{"id":30269,"prediction":1}
{"id":31763,"prediction":1}
{"id":31850,"prediction":0}
{"id":31988,"prediction":0}
{"id":32548,"prediction":0}
{"id":30702,"prediction":1}
{"id":30992,"prediction":1}
{"id":32434,"prediction":1}
{"id":31256,"prediction":0}
{"id":32520,"prediction":0}
{"id":30715,"prediction":0}
{"id":31052,"prediction":1}
{"id":31663,"prediction":1}
{"id":30303,"prediction":0}
{"id":32598,"prediction":0}
{"id":31863,"prediction":0}
{"id":33245,"prediction":0}
{"id":31714,"prediction":1}
{"id":33270,"prediction":0}
{"id":31374,"prediction":1}
{"id":30612,"prediction":0}
{"id":33132,"prediction":1}
{"id":30608,"prediction":1}
{"id":30853,"prediction":0}
{"id":31725,"prediction":0}
{"id":30930,"prediction":0}
{"id":33145,"prediction":0}
{"id":32423,"prediction":0}
{"id":32059,"prediction":0}
{"id":32968,"prediction":0}
{"id":32989,"prediction":0}
{"id":32899,"prediction":0}
{"id":32936,"prediction":1}
{"id":30554,"prediction":1}
{"id":32042,"prediction":0}
{"id":32000,"prediction":0}
{"id":30158,"prediction":0}
{"id":33277,"prediction":0}
{"id":30553,"prediction":0}
{"id":32869,"prediction":0}
{"id":30871,"prediction":0}
{"id":31150,"prediction":0}
{"id":32054,"prediction":0}
{"id":33279,"prediction":0}
{"id":30603,"prediction":0}
{"id":31738,"prediction":1}
{"id":30803,"prediction":0}
{"id":31428,"prediction":0}
{"id":32474,"prediction":0}
{"id":30368,"prediction":0}
{"id":31316,"prediction":1}
{"id":31263,"prediction":1}
{"id":32771,"prediction":0}
{"id":32415,"prediction":0}
{"id":30017,"prediction":1}
{"id":30360,"prediction":0}
{"id":31002,"prediction":0}
{"id":32048,"prediction":0}
{"id":30925,"prediction":1}
{"id":32191,"prediction":1}
{"id":31489,"prediction":0}
{"id":30354,"prediction":0}
{"id":30860,"prediction":0}
{"id":32039,"prediction":0}
{"id":31351,"prediction":0}
{"id":30344,"prediction":0}
{"id":30163,"prediction":0}
{"id":32477,"prediction":0}
{"id":31116,"prediction":1}
{"id":30510,"prediction":0}
{"id":32770,"prediction":0}
{"id":31968,"prediction":0}
{"id":31892,"prediction":0}
{"id":33080,"prediction":1}
{"id":32979,"prediction":0}
{"id":30316,"prediction":0}
{"id":32970,"prediction":0}
{"id":31328,"prediction":0}
{"id":33241,"prediction":0}
{"id":31795,"prediction":1}
{"id":32133,"prediction":0}
{"id":31214,"prediction":0}
{"id":31341,"prediction":0}
{"id":30029,"prediction":1}
{"id":31915,"prediction":0}
{"id":30162,"prediction":1}
{"id":31476,"prediction":0}
{"id":32590,"prediction":1}
{"id":30030,"prediction":1}
{"id":30815,"prediction":0}
{"id":32523,"prediction":1}
{"id":31793,"prediction":1}
{"id":33073,"prediction":0}
{"id":33262,"prediction":0}
{"id":32973,"prediction":0}
{"id":32519,"prediction":0}
{"id":31335,"prediction":0}
{"id":30821,"prediction":0}
{"id":31134,"prediction":0}
{"id":33047,"prediction":1}
{"id":30710,"prediction":1}
{"id":31831,"prediction":1}
{"id":31985,"prediction":1}
{"id":33284,"prediction":0}
{"id":30366,"prediction":0}
{"id":31905,"prediction":0}
{"id":32196,"prediction":1}
{"id":30552,"prediction":0}
{"id":31978,"prediction":0}
{"id":32827,"prediction":1}
{"id":30143,"prediction":0}
{"id":32041,"prediction":1}
{"id":30142,"prediction":0}
{"id":32797,"prediction":0}
{"id":30164,"prediction":0}
{"id":31474,"prediction":1}
{"id":31775,"prediction":0}
{"id":31478,"prediction":0}
{"id":32414,"prediction":0}
{"id":31765,"prediction":1}
{"id":30663,"prediction":1}
{"id":30371,"prediction":0}
{"id":30581,"prediction":0}
{"id":31917,"prediction":0}
{"id":31154,"prediction":0}
{"id":31169,"prediction":0}
{"id":30156,"prediction":1}
{"id":32530,"prediction":0}
{"id":31266,"prediction":1}
{"id":32837,"prediction":1}
{"id":30512,"prediction":1}
{"id":31369,"prediction":1}
{"id":32640,"prediction":0}
{"id":33075,"prediction":0}
{"id":31706,"prediction":0}
{"id":31007,"prediction":0}
{"id":33280,"prediction":0}
{"id":30034,"prediction":0}
{"id":32922,"prediction":0}
{"id":33268,"prediction":1}
{"id":30857,"prediction":0}
{"id":30509,"prediction":0}
{"id":31219,"prediction":0}
{"id":30989,"prediction":0}
{"id":32805,"prediction":0}
{"id":31726,"prediction":0}
{"id":32592,"prediction":1}
{"id":31724,"prediction":1}
{"id":31972,"prediction":1}
{"id":30278,"prediction":0}
{"id":30220,"prediction":0}
{"id":31228,"prediction":0}
{"id":31176,"prediction":0}
{"id":30021,"prediction":0}
{"id":32050,"prediction":0}
{"id":30822,"prediction":1}
{"id":31913,"prediction":0}
{"id":31904,"prediction":0}
{"id":30671,"prediction":0}
{"id":32642,"prediction":0}
{"id":32421,"prediction":0}
{"id":32985,"prediction":0}
{"id":32998,"prediction":0}
{"id":32889,"prediction":1}
{"id":30072,"prediction":0}
{"id":33144,"prediction":1}
{"id":32134,"prediction":0}
{"id":30331,"prediction":1}
{"id":30520,"prediction":0}
{"id":30600,"prediction":0}
{"id":31323,"prediction":1}
{"id":32877,"prediction":1}
{"id":30990,"prediction":1}
{"id":30796,"prediction":1}
{"id":31829,"prediction":0}
{"id":32525,"prediction":1}
{"id":33271,"prediction":0}
{"id":33048,"prediction":1}
{"id":30507,"prediction":0}
{"id":31427,"prediction":1}
{"id":32924,"prediction":1}
{"id":31333,"prediction":1}
{"id":30506,"prediction":0}
{"id":31774,"prediction":0}
{"id":32558,"prediction":0}
{"id":32549,"prediction":0}
{"id":32057,"prediction":0}
{"id":31983,"prediction":1}
{"id":31010,"prediction":0}
{"id":30804,"prediction":0}
{"id":32300,"prediction":0}
{"id":32847,"prediction":0}
{"id":30601,"prediction":0}
{"id":31488,"prediction":0}
{"id":32563,"prediction":0}
{"id":31329,"prediction":0}
{"id":31840,"prediction":0}
{"id":31646,"prediction":0}
{"id":31841,"prediction":0}
{"id":30928,"prediction":0}
{"id":31703,"prediction":0}
{"id":31216,"prediction":0}
{"id":32845,"prediction":1}
{"id":30673,"prediction":0}
{"id":31671,"prediction":0}
{"id":33285,"prediction":1}
{"id":32301,"prediction":0}
{"id":31340,"prediction":0}
{"id":31971,"prediction":0}
{"id":31751,"prediction":1}
{"id":30326,"prediction":1}
{"id":30680,"prediction":1}
{"id":31336,"prediction":0}
{"id":31653,"prediction":1}
{"id":31642,"prediction":0}
{"id":32435,"prediction":0}
{"id":31704,"prediction":0}
{"id":32188,"prediction":0}
{"id":32893,"prediction":1}
{"id":30352,"prediction":0}
{"id":32534,"prediction":1}
{"id":32794,"prediction":0}
{"id":32538,"prediction":1}
{"id":30310,"prediction":0}
{"id":31577,"prediction":0}
{"id":31425,"prediction":0}
{"id":30304,"prediction":0}
{"id":31909,"prediction":0}
{"id":30524,"prediction":1}
{"id":31731,"prediction":1}
{"id":31612,"prediction":0}
{"id":32885,"prediction":0}
