{"prediction":0,"id":109324}
{"prediction":0,"id":109325}
{"prediction":1,"id":109326}
{"prediction":0,"id":109327}
{"prediction":1,"id":109328}
{"prediction":0,"id":109329}
{"prediction":0,"id":109330}
{"prediction":0,"id":109331}
{"prediction":0,"id":109332}
{"prediction":0,"id":109333}
{"prediction":0,"id":109334}
{"prediction":0,"id":109335}
{"prediction":0,"id":109336}
{"prediction":0,"id":109337}
{"prediction":0,"id":109338}
{"prediction":0,"id":109339}
{"prediction":0,"id":109340}
{"prediction":0,"id":109341}
{"prediction":0,"id":109342}
{"prediction":0,"id":109343}
{"prediction":0,"id":109344}
{"prediction":1,"id":109345}
{"prediction":0,"id":109346}
{"prediction":1,"id":109347}
{"prediction":0,"id":109348}
{"prediction":1,"id":109349}
{"prediction":0,"id":109350}
{"prediction":1,"id":109351}
{"prediction":0,"id":109352}
{"prediction":0,"id":109353}
{"prediction":0,"id":109354}
{"prediction":0,"id":109355}
{"prediction":0,"id":109356}
{"prediction":0,"id":109357}
{"prediction":0,"id":109358}
{"prediction":1,"id":109359}
{"prediction":0,"id":109360}
{"prediction":0,"id":109361}
{"prediction":0,"id":109362}
{"prediction":0,"id":109363}
{"prediction":0,"id":109364}
{"prediction":0,"id":109365}
{"prediction":0,"id":109366}
{"prediction":0,"id":109367}
{"prediction":0,"id":109368}
{"prediction":0,"id":109369}
{"prediction":0,"id":109370}
{"prediction":0,"id":109371}
{"prediction":0,"id":109372}
{"prediction":0,"id":109373}
{"prediction":0,"id":109374}
{"prediction":0,"id":109375}
{"prediction":0,"id":109376}
{"prediction":0,"id":109377}
{"prediction":0,"id":109378}
{"prediction":0,"id":109379}
{"prediction":0,"id":109380}
{"prediction":1,"id":109381}
{"prediction":0,"id":109382}
{"prediction":0,"id":109383}
{"prediction":0,"id":109384}
{"prediction":0,"id":109385}
{"prediction":0,"id":109386}
{"prediction":0,"id":109387}
{"prediction":0,"id":109388}
{"prediction":0,"id":109389}
{"prediction":0,"id":109390}
{"prediction":0,"id":109391}
{"prediction":0,"id":109392}
{"prediction":0,"id":109393}
{"prediction":0,"id":109394}
{"prediction":0,"id":109395}
{"prediction":0,"id":109396}
{"prediction":0,"id":109397}
{"prediction":0,"id":109398}
{"prediction":0,"id":109399}
{"prediction":0,"id":109400}
{"prediction":0,"id":109401}
{"prediction":1,"id":109402}
{"prediction":0,"id":109403}
{"prediction":0,"id":109404}
{"prediction":0,"id":109405}
{"prediction":1,"id":109406}
{"prediction":0,"id":109407}
{"prediction":0,"id":109408}
{"prediction":0,"id":109409}
{"prediction":0,"id":109410}
{"prediction":0,"id":109411}
{"prediction":0,"id":109412}
{"prediction":0,"id":109413}
{"prediction":1,"id":109414}
{"prediction":0,"id":109415}
{"prediction":0,"id":109416}
{"prediction":1,"id":109417}
{"prediction":0,"id":109418}
{"prediction":0,"id":109419}
{"prediction":0,"id":109420}
{"prediction":0,"id":109421}
{"prediction":0,"id":109422}
{"prediction":0,"id":109423}
{"prediction":0,"id":109424}
{"prediction":0,"id":109425}
{"prediction":0,"id":109426}
{"prediction":0,"id":109427}
{"prediction":0,"id":109428}
{"prediction":0,"id":109429}
{"prediction":0,"id":109430}
{"prediction":0,"id":109431}
{"prediction":0,"id":109432}
{"prediction":0,"id":109433}
{"prediction":0,"id":109434}
{"prediction":0,"id":109435}
{"prediction":0,"id":109436}
{"prediction":0,"id":109437}
{"prediction":0,"id":109438}
{"prediction":0,"id":109439}
{"prediction":0,"id":109440}
{"prediction":0,"id":109441}
{"prediction":0,"id":109442}
{"prediction":0,"id":109443}
{"prediction":0,"id":109444}
{"prediction":0,"id":109445}
{"prediction":0,"id":109446}
{"prediction":0,"id":109447}
{"prediction":0,"id":109448}
{"prediction":0,"id":109449}
{"prediction":0,"id":109450}
{"prediction":0,"id":109451}
{"prediction":0,"id":109452}
{"prediction":0,"id":109453}
{"prediction":0,"id":109454}
{"prediction":0,"id":109455}
{"prediction":1,"id":109456}
{"prediction":0,"id":109457}
{"prediction":0,"id":109458}
{"prediction":0,"id":109459}
{"prediction":0,"id":109460}
{"prediction":0,"id":109461}
{"prediction":0,"id":109462}
{"prediction":0,"id":109463}
{"prediction":0,"id":109464}
{"prediction":0,"id":109465}
{"prediction":0,"id":109466}
{"prediction":0,"id":109467}
{"prediction":0,"id":109468}
{"prediction":0,"id":109469}
{"prediction":0,"id":109470}
{"prediction":0,"id":109471}
{"prediction":0,"id":109472}
{"prediction":0,"id":109473}
{"prediction":0,"id":109474}
{"prediction":1,"id":109475}
{"prediction":0,"id":109476}
{"prediction":0,"id":109477}
{"prediction":0,"id":109478}
{"prediction":0,"id":109479}
{"prediction":0,"id":109480}
{"prediction":0,"id":109481}
{"prediction":0,"id":109482}
{"prediction":0,"id":109483}
{"prediction":0,"id":109484}
{"prediction":0,"id":109485}
{"prediction":0,"id":109486}
{"prediction":0,"id":109487}
{"prediction":0,"id":109488}
{"prediction":0,"id":109489}
{"prediction":1,"id":109490}
{"prediction":1,"id":109491}
{"prediction":0,"id":109492}
{"prediction":0,"id":109493}
{"prediction":0,"id":109494}
{"prediction":0,"id":109495}
{"prediction":0,"id":109496}
{"prediction":0,"id":109497}
{"prediction":0,"id":109498}
{"prediction":1,"id":109499}
{"prediction":0,"id":109500}
{"prediction":0,"id":109501}
{"prediction":0,"id":109502}
{"prediction":1,"id":109503}
{"prediction":0,"id":109504}
{"prediction":0,"id":109505}
{"prediction":0,"id":109506}
{"prediction":0,"id":109507}
{"prediction":0,"id":109508}
{"prediction":0,"id":109509}
{"prediction":0,"id":109510}
{"prediction":0,"id":109511}
{"prediction":0,"id":109512}
{"prediction":0,"id":109513}
{"prediction":0,"id":109514}
{"prediction":0,"id":109515}
{"prediction":0,"id":109516}
{"prediction":0,"id":109517}
{"prediction":0,"id":109518}
{"prediction":0,"id":109519}
{"prediction":0,"id":109520}
{"prediction":0,"id":109521}
{"prediction":0,"id":109522}
{"prediction":0,"id":109523}
{"prediction":0,"id":109524}
{"prediction":0,"id":109525}
{"prediction":0,"id":109526}
{"prediction":0,"id":109527}
{"prediction":0,"id":109528}
{"prediction":0,"id":109529}
{"prediction":0,"id":109530}
{"prediction":0,"id":109531}
{"prediction":0,"id":109532}
{"prediction":0,"id":109533}
{"prediction":0,"id":109534}
{"prediction":0,"id":109535}
{"prediction":0,"id":109536}
{"prediction":0,"id":109537}
{"prediction":1,"id":109538}
{"prediction":0,"id":109539}
{"prediction":0,"id":109540}
{"prediction":0,"id":109541}
{"prediction":0,"id":109542}
{"prediction":0,"id":109543}
{"prediction":0,"id":109544}
{"prediction":0,"id":109545}
{"prediction":0,"id":109546}
{"prediction":0,"id":109547}
{"prediction":0,"id":109548}
{"prediction":0,"id":109549}
{"prediction":0,"id":109550}
{"prediction":0,"id":109551}
{"prediction":1,"id":109552}
{"prediction":0,"id":109553}
{"prediction":0,"id":109554}
{"prediction":0,"id":109555}
{"prediction":0,"id":109556}
{"prediction":0,"id":109557}
{"prediction":0,"id":109558}
{"prediction":0,"id":109559}
{"prediction":0,"id":109560}
{"prediction":0,"id":109561}
{"prediction":1,"id":109562}
{"prediction":0,"id":109563}
{"prediction":0,"id":109564}
{"prediction":0,"id":109565}
{"prediction":0,"id":109566}
{"prediction":0,"id":109567}
{"prediction":0,"id":109568}
{"prediction":0,"id":109569}
{"prediction":0,"id":109570}
{"prediction":0,"id":109571}
{"prediction":0,"id":109572}
{"prediction":0,"id":109573}
{"prediction":0,"id":109574}
{"prediction":0,"id":109575}
{"prediction":0,"id":109576}
{"prediction":0,"id":109577}
{"prediction":0,"id":109578}
{"prediction":0,"id":109579}
{"prediction":0,"id":109580}
{"prediction":0,"id":109581}
{"prediction":0,"id":109582}
{"prediction":0,"id":109583}
{"prediction":0,"id":109584}
{"prediction":0,"id":109585}
{"prediction":0,"id":109586}
{"prediction":0,"id":109587}
{"prediction":0,"id":109588}
{"prediction":0,"id":109589}
{"prediction":0,"id":109590}
{"prediction":0,"id":109591}
{"prediction":0,"id":109592}
{"prediction":0,"id":109593}
{"prediction":0,"id":109594}
{"prediction":0,"id":109595}
{"prediction":0,"id":109596}
{"prediction":0,"id":109597}
{"prediction":0,"id":109598}
{"prediction":0,"id":109599}
{"prediction":0,"id":109600}
{"prediction":0,"id":109601}
{"prediction":0,"id":109602}
{"prediction":0,"id":109603}
{"prediction":0,"id":109604}
{"prediction":1,"id":109605}
{"prediction":0,"id":109606}
{"prediction":0,"id":109607}
{"prediction":0,"id":109608}
{"prediction":0,"id":109609}
{"prediction":0,"id":109610}
{"prediction":0,"id":109611}
{"prediction":0,"id":109612}
{"prediction":0,"id":109613}
{"prediction":0,"id":109614}
{"prediction":0,"id":109615}
{"prediction":0,"id":109616}
{"prediction":0,"id":109617}
{"prediction":0,"id":109618}
{"prediction":0,"id":109619}
{"prediction":0,"id":109620}
{"prediction":0,"id":109621}
{"prediction":0,"id":109622}
{"prediction":0,"id":109623}
{"prediction":1,"id":109624}
{"prediction":0,"id":109625}
{"prediction":0,"id":109626}
{"prediction":0,"id":109627}
{"prediction":0,"id":109628}
{"prediction":0,"id":109629}
{"prediction":0,"id":109630}
{"prediction":1,"id":109631}
{"prediction":0,"id":109632}
{"prediction":0,"id":109633}
{"prediction":0,"id":109634}
{"prediction":0,"id":109635}
{"prediction":0,"id":109636}
{"prediction":0,"id":109637}
{"prediction":0,"id":109638}
{"prediction":0,"id":109639}
{"prediction":0,"id":109640}
{"prediction":0,"id":109641}
{"prediction":0,"id":109642}
{"prediction":0,"id":109643}
{"prediction":0,"id":109644}
{"prediction":0,"id":109645}
{"prediction":0,"id":109646}
{"prediction":0,"id":109647}
{"prediction":0,"id":109648}
{"prediction":0,"id":109649}
{"prediction":0,"id":109650}
{"prediction":0,"id":109651}
{"prediction":0,"id":109652}
{"prediction":0,"id":109653}
{"prediction":0,"id":109654}
{"prediction":0,"id":109655}
{"prediction":0,"id":109656}
{"prediction":0,"id":109657}
{"prediction":0,"id":109658}
{"prediction":0,"id":109659}
{"prediction":0,"id":109660}
{"prediction":0,"id":109661}
{"prediction":0,"id":109662}
{"prediction":0,"id":109663}
{"prediction":1,"id":109664}
{"prediction":0,"id":109665}
{"prediction":0,"id":109666}
{"prediction":0,"id":109667}
{"prediction":0,"id":109668}
{"prediction":0,"id":109669}
{"prediction":0,"id":109670}
{"prediction":0,"id":109671}
{"prediction":0,"id":109672}
{"prediction":0,"id":109673}
{"prediction":0,"id":109674}
{"prediction":0,"id":109675}
{"prediction":0,"id":109676}
{"prediction":0,"id":109677}
{"prediction":0,"id":109678}
{"prediction":0,"id":109679}
{"prediction":0,"id":109680}
{"prediction":0,"id":109681}
{"prediction":1,"id":109682}
{"prediction":0,"id":109683}
{"prediction":0,"id":109684}
{"prediction":0,"id":109685}
{"prediction":0,"id":109686}
{"prediction":0,"id":109687}
{"prediction":0,"id":109688}
{"prediction":1,"id":109689}
{"prediction":0,"id":109690}
{"prediction":0,"id":109691}
{"prediction":0,"id":109692}
{"prediction":0,"id":109693}
{"prediction":0,"id":109694}
{"prediction":0,"id":109695}
{"prediction":0,"id":109696}
{"prediction":0,"id":109697}
{"prediction":0,"id":109698}
{"prediction":0,"id":109699}
{"prediction":0,"id":109700}
{"prediction":1,"id":109701}
{"prediction":0,"id":109702}
{"prediction":0,"id":109703}
{"prediction":0,"id":109704}
{"prediction":0,"id":109705}
{"prediction":0,"id":109706}
{"prediction":0,"id":109707}
{"prediction":0,"id":109708}
{"prediction":0,"id":109709}
{"prediction":1,"id":109710}
{"prediction":0,"id":109711}
{"prediction":0,"id":109712}
{"prediction":0,"id":109713}
{"prediction":1,"id":109714}
{"prediction":0,"id":109715}
{"prediction":0,"id":109716}
{"prediction":0,"id":109717}
{"prediction":0,"id":109718}
{"prediction":0,"id":109719}
{"prediction":0,"id":109720}
{"prediction":0,"id":109721}
{"prediction":0,"id":109722}
{"prediction":0,"id":109723}
{"prediction":0,"id":109724}
{"prediction":0,"id":109725}
{"prediction":0,"id":109726}
{"prediction":0,"id":109727}
{"prediction":0,"id":109728}
{"prediction":0,"id":109729}
{"prediction":0,"id":109730}
{"prediction":0,"id":109731}
{"prediction":0,"id":109732}
{"prediction":0,"id":109733}
{"prediction":0,"id":109734}
{"prediction":0,"id":109735}
{"prediction":0,"id":109736}
{"prediction":0,"id":109737}
{"prediction":0,"id":109738}
{"prediction":0,"id":109739}
{"prediction":0,"id":109740}
{"prediction":0,"id":109741}
{"prediction":0,"id":109742}
{"prediction":0,"id":109743}
{"prediction":0,"id":109744}
{"prediction":0,"id":109745}
{"prediction":0,"id":109746}
{"prediction":0,"id":109747}
{"prediction":0,"id":109748}
{"prediction":0,"id":109749}
{"prediction":0,"id":109750}
{"prediction":0,"id":109751}
{"prediction":0,"id":109752}
{"prediction":0,"id":109753}
{"prediction":0,"id":109754}
{"prediction":0,"id":109755}
{"prediction":0,"id":109756}
{"prediction":0,"id":109757}
{"prediction":0,"id":109758}
{"prediction":0,"id":109759}
{"prediction":1,"id":109760}
{"prediction":0,"id":109761}
{"prediction":0,"id":109762}
{"prediction":0,"id":109763}
{"prediction":0,"id":109764}
{"prediction":0,"id":109765}
{"prediction":0,"id":109766}
{"prediction":0,"id":109767}
{"prediction":0,"id":109768}
{"prediction":0,"id":109769}
{"prediction":0,"id":109770}
{"prediction":0,"id":109771}
{"prediction":0,"id":109772}
{"prediction":0,"id":109773}
{"prediction":0,"id":109774}
{"prediction":0,"id":109775}
{"prediction":0,"id":109776}
{"prediction":0,"id":109777}
{"prediction":0,"id":109778}
{"prediction":0,"id":109779}
{"prediction":0,"id":109780}
{"prediction":0,"id":109781}
{"prediction":0,"id":109782}
{"prediction":0,"id":109783}
{"prediction":0,"id":109784}
{"prediction":0,"id":109785}
{"prediction":0,"id":109786}
{"prediction":0,"id":109787}
{"prediction":0,"id":109788}
{"prediction":0,"id":109789}
{"prediction":0,"id":109790}
{"prediction":0,"id":109791}
{"prediction":0,"id":109792}
{"prediction":0,"id":109793}
{"prediction":0,"id":109794}
{"prediction":0,"id":109795}
{"prediction":0,"id":109796}
{"prediction":0,"id":109797}
{"prediction":0,"id":109798}
{"prediction":0,"id":109799}
{"prediction":0,"id":109800}
{"prediction":1,"id":109801}
{"prediction":0,"id":109802}
{"prediction":0,"id":109803}
{"prediction":0,"id":109804}
{"prediction":0,"id":109805}
{"prediction":1,"id":109806}
{"prediction":0,"id":109807}
{"prediction":0,"id":109808}
{"prediction":0,"id":109809}
{"prediction":0,"id":109810}
{"prediction":0,"id":109811}
{"prediction":0,"id":109812}
{"prediction":0,"id":109813}
{"prediction":0,"id":109814}
{"prediction":0,"id":109815}
{"prediction":0,"id":109816}
{"prediction":0,"id":109817}
{"prediction":0,"id":109818}
{"prediction":0,"id":109819}
{"prediction":0,"id":109820}
{"prediction":0,"id":109821}
{"prediction":0,"id":109822}
{"prediction":1,"id":109823}
{"prediction":0,"id":109824}
{"prediction":0,"id":109825}
{"prediction":0,"id":109826}
{"prediction":0,"id":109827}
{"prediction":0,"id":109828}
{"prediction":0,"id":109829}
{"prediction":0,"id":109830}
{"prediction":0,"id":109831}
{"prediction":0,"id":109832}
{"prediction":0,"id":109833}
{"prediction":0,"id":109834}
{"prediction":0,"id":109835}
{"prediction":0,"id":109836}
{"prediction":0,"id":109837}
{"prediction":0,"id":109838}
{"prediction":0,"id":109839}
{"prediction":0,"id":109840}
{"prediction":0,"id":109841}
{"prediction":0,"id":109842}
{"prediction":0,"id":109843}
{"prediction":0,"id":109844}
{"prediction":0,"id":109845}
{"prediction":0,"id":109846}
{"prediction":1,"id":109847}
{"prediction":0,"id":109848}
{"prediction":0,"id":109849}
{"prediction":0,"id":109850}
{"prediction":0,"id":109851}
{"prediction":0,"id":109852}
{"prediction":0,"id":109853}
{"prediction":0,"id":109854}
{"prediction":0,"id":109855}
{"prediction":0,"id":109856}
{"prediction":0,"id":109857}
{"prediction":0,"id":109858}
{"prediction":0,"id":109859}
{"prediction":0,"id":109860}
{"prediction":0,"id":109861}
{"prediction":0,"id":109862}
{"prediction":0,"id":109863}
{"prediction":1,"id":109864}
{"prediction":0,"id":109865}
{"prediction":0,"id":109866}
{"prediction":1,"id":109867}
{"prediction":0,"id":109868}
{"prediction":0,"id":109869}
{"prediction":0,"id":109870}
{"prediction":0,"id":109871}
{"prediction":0,"id":109872}
{"prediction":0,"id":109873}
{"prediction":1,"id":109874}
{"prediction":0,"id":109875}
{"prediction":0,"id":109876}
{"prediction":0,"id":109877}
{"prediction":0,"id":109878}
{"prediction":0,"id":109879}
{"prediction":0,"id":109880}
{"prediction":0,"id":109881}
{"prediction":0,"id":109882}
{"prediction":0,"id":109883}
{"prediction":0,"id":109884}
{"prediction":0,"id":109885}
{"prediction":0,"id":109886}
{"prediction":0,"id":109887}
{"prediction":0,"id":109888}
{"prediction":1,"id":109889}
{"prediction":0,"id":109890}
{"prediction":0,"id":109891}
{"prediction":0,"id":109892}
{"prediction":0,"id":109893}
{"prediction":0,"id":109894}
{"prediction":0,"id":109895}
{"prediction":0,"id":109896}
{"prediction":0,"id":109897}
{"prediction":0,"id":109898}
{"prediction":0,"id":109899}
{"prediction":0,"id":109900}
{"prediction":0,"id":109901}
{"prediction":0,"id":109902}
{"prediction":0,"id":109903}
{"prediction":0,"id":109904}
{"prediction":0,"id":109905}
{"prediction":0,"id":109906}
{"prediction":0,"id":109907}
{"prediction":0,"id":109908}
{"prediction":0,"id":109909}
{"prediction":0,"id":109910}
{"prediction":0,"id":109911}
{"prediction":0,"id":109912}
{"prediction":1,"id":109913}
{"prediction":0,"id":109914}
{"prediction":0,"id":109915}
{"prediction":0,"id":109916}
{"prediction":0,"id":109917}
{"prediction":0,"id":109918}
{"prediction":1,"id":109919}
{"prediction":0,"id":109920}
{"prediction":0,"id":109921}
{"prediction":0,"id":109922}
{"prediction":0,"id":109923}
{"prediction":0,"id":109924}
{"prediction":0,"id":109925}
{"prediction":0,"id":109926}
{"prediction":0,"id":109927}
{"prediction":0,"id":109928}
{"prediction":0,"id":109929}
{"prediction":0,"id":109930}
{"prediction":0,"id":109931}
{"prediction":0,"id":109932}
{"prediction":0,"id":109933}
{"prediction":0,"id":109934}
{"prediction":0,"id":109935}
{"prediction":0,"id":109936}
{"prediction":0,"id":109937}
{"prediction":0,"id":109938}
{"prediction":0,"id":109939}
{"prediction":0,"id":109940}
{"prediction":0,"id":109941}
{"prediction":0,"id":109942}
{"prediction":0,"id":109943}
{"prediction":0,"id":109944}
{"prediction":0,"id":109945}
{"prediction":0,"id":109946}
{"prediction":0,"id":109947}
{"prediction":0,"id":109948}
{"prediction":0,"id":109949}
{"prediction":0,"id":109950}
{"prediction":0,"id":109951}
{"prediction":0,"id":109952}
{"prediction":0,"id":109953}
{"prediction":0,"id":109954}
{"prediction":0,"id":109955}
{"prediction":0,"id":109956}
{"prediction":0,"id":109957}
{"prediction":0,"id":109958}
{"prediction":0,"id":109959}
{"prediction":0,"id":109960}
{"prediction":0,"id":109961}
{"prediction":0,"id":109962}
{"prediction":0,"id":109963}
{"prediction":0,"id":109964}
{"prediction":0,"id":109965}
{"prediction":0,"id":109966}
{"prediction":0,"id":109967}
{"prediction":0,"id":109968}
{"prediction":0,"id":109969}
{"prediction":0,"id":109970}
{"prediction":0,"id":109971}
{"prediction":0,"id":109972}
{"prediction":0,"id":109973}
{"prediction":0,"id":109974}
{"prediction":0,"id":109975}
{"prediction":0,"id":109976}
{"prediction":0,"id":109977}
{"prediction":0,"id":109978}
{"prediction":0,"id":109979}
{"prediction":0,"id":109980}
{"prediction":0,"id":109981}
{"prediction":0,"id":109982}
{"prediction":0,"id":109983}
{"prediction":0,"id":109984}
{"prediction":0,"id":109985}
{"prediction":0,"id":109986}
{"prediction":0,"id":109987}
{"prediction":0,"id":109988}
{"prediction":0,"id":109989}
{"prediction":0,"id":109990}
{"prediction":0,"id":109991}
{"prediction":0,"id":109992}
{"prediction":0,"id":109993}
{"prediction":0,"id":109994}
{"prediction":0,"id":109995}
{"prediction":0,"id":109996}
{"prediction":0,"id":109997}
{"prediction":0,"id":109998}
{"prediction":0,"id":109999}
{"prediction":0,"id":110000}
{"prediction":0,"id":110001}
{"prediction":0,"id":110002}
{"prediction":0,"id":110003}
{"prediction":0,"id":110004}
{"prediction":0,"id":110005}
{"prediction":0,"id":110006}
{"prediction":0,"id":110007}
{"prediction":1,"id":110008}
{"prediction":0,"id":110009}
{"prediction":0,"id":110010}
{"prediction":0,"id":110011}
{"prediction":0,"id":110012}
{"prediction":0,"id":110013}
{"prediction":1,"id":110014}
{"prediction":0,"id":110015}
{"prediction":0,"id":110016}
{"prediction":0,"id":110017}
{"prediction":0,"id":110018}
{"prediction":0,"id":110019}
{"prediction":0,"id":110020}
{"prediction":0,"id":110021}
{"prediction":0,"id":110022}
{"prediction":0,"id":110023}
{"prediction":0,"id":110024}
{"prediction":0,"id":110025}
{"prediction":0,"id":110026}
{"prediction":1,"id":110027}
{"prediction":0,"id":110028}
{"prediction":0,"id":110029}
{"prediction":0,"id":110030}
{"prediction":0,"id":110031}
{"prediction":0,"id":110032}
{"prediction":0,"id":110033}
{"prediction":0,"id":110034}
{"prediction":0,"id":110035}
{"prediction":0,"id":110036}
{"prediction":0,"id":110037}
{"prediction":0,"id":110038}
{"prediction":0,"id":110039}
{"prediction":0,"id":110040}
{"prediction":0,"id":110041}
{"prediction":0,"id":110042}
{"prediction":1,"id":110043}
{"prediction":0,"id":110044}
{"prediction":0,"id":110045}
{"prediction":0,"id":110046}
{"prediction":0,"id":110047}
{"prediction":0,"id":110048}
{"prediction":0,"id":110049}
{"prediction":0,"id":110050}
{"prediction":0,"id":110051}
{"prediction":0,"id":110052}
{"prediction":0,"id":110053}
{"prediction":0,"id":110054}
{"prediction":0,"id":110055}
{"prediction":0,"id":110056}
{"prediction":0,"id":110057}
{"prediction":1,"id":110058}
{"prediction":0,"id":110059}
{"prediction":0,"id":110060}
{"prediction":0,"id":110061}
{"prediction":0,"id":110062}
{"prediction":0,"id":110063}
{"prediction":0,"id":110064}
{"prediction":0,"id":110065}
{"prediction":0,"id":110066}
{"prediction":1,"id":110067}
{"prediction":0,"id":110068}
{"prediction":0,"id":110069}
{"prediction":0,"id":110070}
{"prediction":0,"id":110071}
{"prediction":0,"id":110072}
{"prediction":0,"id":110073}
{"prediction":0,"id":110074}
{"prediction":0,"id":110075}
{"prediction":0,"id":110076}
{"prediction":0,"id":110077}
{"prediction":0,"id":110078}
{"prediction":0,"id":110079}
{"prediction":0,"id":110080}
{"prediction":0,"id":110081}
{"prediction":0,"id":110082}
{"prediction":0,"id":110083}
{"prediction":0,"id":110084}
{"prediction":1,"id":110085}
{"prediction":0,"id":110086}
{"prediction":0,"id":110087}
{"prediction":0,"id":110088}
{"prediction":0,"id":110089}
{"prediction":0,"id":110090}
{"prediction":1,"id":110091}
{"prediction":0,"id":110092}
{"prediction":0,"id":110093}
{"prediction":0,"id":110094}
{"prediction":0,"id":110095}
{"prediction":0,"id":110096}
{"prediction":0,"id":110097}
{"prediction":0,"id":110098}
{"prediction":0,"id":110099}
{"prediction":0,"id":110100}
{"prediction":1,"id":110101}
{"prediction":0,"id":110102}
{"prediction":0,"id":110103}
{"prediction":0,"id":110104}
{"prediction":0,"id":110105}
{"prediction":1,"id":110106}
{"prediction":0,"id":110107}
{"prediction":0,"id":110108}
{"prediction":0,"id":110109}
{"prediction":0,"id":110110}
{"prediction":0,"id":110111}
{"prediction":0,"id":110112}
{"prediction":0,"id":110113}
{"prediction":0,"id":110114}
{"prediction":0,"id":110115}
{"prediction":0,"id":110116}
{"prediction":0,"id":110117}
{"prediction":0,"id":110118}
{"prediction":0,"id":110119}
{"prediction":0,"id":110120}
{"prediction":0,"id":110121}
{"prediction":0,"id":110122}
{"prediction":0,"id":110123}
{"prediction":0,"id":110124}
{"prediction":0,"id":110125}
{"prediction":0,"id":110126}
{"prediction":0,"id":110127}
{"prediction":0,"id":110128}
{"prediction":0,"id":110129}
{"prediction":0,"id":110130}
{"prediction":0,"id":110131}
{"prediction":1,"id":110132}
{"prediction":0,"id":110133}
{"prediction":0,"id":110134}
{"prediction":1,"id":110135}
{"prediction":0,"id":110136}
{"prediction":0,"id":110137}
{"prediction":0,"id":110138}
{"prediction":0,"id":110139}
{"prediction":0,"id":110140}
{"prediction":0,"id":110141}
{"prediction":0,"id":110142}
{"prediction":0,"id":110143}
{"prediction":0,"id":110144}
{"prediction":0,"id":110145}
{"prediction":0,"id":110146}
{"prediction":0,"id":110147}
{"prediction":0,"id":110148}
{"prediction":0,"id":110149}
{"prediction":0,"id":110150}
{"prediction":0,"id":110151}
{"prediction":0,"id":110152}
{"prediction":0,"id":110153}
{"prediction":0,"id":110154}
{"prediction":0,"id":110155}
{"prediction":0,"id":110156}
{"prediction":0,"id":110157}
{"prediction":0,"id":110158}
{"prediction":0,"id":110159}
{"prediction":0,"id":110160}
{"prediction":0,"id":110161}
{"prediction":0,"id":110162}
{"prediction":0,"id":110163}
{"prediction":0,"id":110164}
{"prediction":0,"id":110165}
{"prediction":0,"id":110166}
{"prediction":0,"id":110167}
{"prediction":0,"id":110168}
{"prediction":0,"id":110169}
{"prediction":0,"id":110170}
{"prediction":1,"id":110171}
{"prediction":0,"id":110172}
{"prediction":0,"id":110173}
{"prediction":0,"id":110174}
{"prediction":1,"id":110175}
{"prediction":0,"id":110176}
{"prediction":0,"id":110177}
{"prediction":0,"id":110178}
{"prediction":0,"id":110179}
{"prediction":0,"id":110180}
{"prediction":0,"id":110181}
{"prediction":0,"id":110182}
{"prediction":0,"id":110183}
{"prediction":0,"id":110184}
{"prediction":0,"id":110185}
{"prediction":0,"id":110186}
{"prediction":0,"id":110187}
{"prediction":0,"id":110188}
{"prediction":1,"id":110189}
{"prediction":0,"id":110190}
{"prediction":0,"id":110191}
{"prediction":0,"id":110192}
{"prediction":0,"id":110193}
{"prediction":0,"id":110194}
{"prediction":0,"id":110195}
{"prediction":0,"id":110196}
{"prediction":0,"id":110197}
{"prediction":0,"id":110198}
{"prediction":0,"id":110199}
{"prediction":0,"id":110200}
{"prediction":0,"id":110201}
{"prediction":1,"id":110202}
{"prediction":0,"id":110203}
{"prediction":0,"id":110204}
{"prediction":0,"id":110205}
{"prediction":0,"id":110206}
{"prediction":1,"id":110207}
{"prediction":0,"id":110208}
{"prediction":0,"id":110209}
{"prediction":0,"id":110210}
{"prediction":0,"id":110211}
{"prediction":0,"id":110212}
{"prediction":0,"id":110213}
{"prediction":0,"id":110214}
{"prediction":0,"id":110215}
{"prediction":0,"id":110216}
{"prediction":0,"id":110217}
{"prediction":0,"id":110218}
{"prediction":0,"id":110219}
{"prediction":0,"id":110220}
{"prediction":0,"id":110221}
{"prediction":0,"id":110222}
{"prediction":0,"id":110223}
{"prediction":0,"id":110224}
{"prediction":0,"id":110225}
{"prediction":0,"id":110226}
{"prediction":0,"id":110227}
{"prediction":0,"id":110228}
{"prediction":0,"id":110229}
{"prediction":0,"id":110230}
{"prediction":0,"id":110231}
{"prediction":0,"id":110232}
{"prediction":1,"id":110233}
{"prediction":0,"id":110234}
{"prediction":0,"id":110235}
{"prediction":0,"id":110236}
{"prediction":0,"id":110237}
{"prediction":0,"id":110238}
{"prediction":0,"id":110239}
{"prediction":0,"id":110240}
{"prediction":0,"id":110241}
{"prediction":0,"id":110242}
{"prediction":1,"id":110243}
{"prediction":0,"id":110244}
{"prediction":0,"id":110245}
{"prediction":0,"id":110246}
{"prediction":0,"id":110247}
{"prediction":0,"id":110248}
{"prediction":0,"id":110249}
{"prediction":0,"id":110250}
{"prediction":0,"id":110251}
{"prediction":1,"id":110252}
{"prediction":0,"id":110253}
{"prediction":0,"id":110254}
{"prediction":0,"id":110255}
{"prediction":0,"id":110256}
{"prediction":0,"id":110257}
{"prediction":0,"id":110258}
{"prediction":0,"id":110259}
{"prediction":0,"id":110260}
{"prediction":0,"id":110261}
{"prediction":0,"id":110262}
{"prediction":0,"id":110263}
{"prediction":0,"id":110264}
{"prediction":0,"id":110265}
{"prediction":1,"id":110266}
{"prediction":0,"id":110267}
{"prediction":0,"id":110268}
{"prediction":0,"id":110269}
{"prediction":0,"id":110270}
{"prediction":1,"id":110271}
{"prediction":0,"id":110272}
{"prediction":0,"id":110273}
{"prediction":0,"id":110274}
{"prediction":0,"id":110275}
{"prediction":0,"id":110276}
{"prediction":0,"id":110277}
{"prediction":0,"id":110278}
{"prediction":1,"id":110279}
{"prediction":0,"id":110280}
{"prediction":0,"id":110281}
{"prediction":0,"id":110282}
{"prediction":0,"id":110283}
{"prediction":0,"id":110284}
{"prediction":1,"id":110285}
{"prediction":0,"id":110286}
{"prediction":0,"id":110287}
{"prediction":0,"id":110288}
{"prediction":0,"id":110289}
{"prediction":0,"id":110290}
{"prediction":0,"id":110291}
{"prediction":0,"id":110292}
{"prediction":0,"id":110293}
{"prediction":0,"id":110294}
{"prediction":0,"id":110295}
{"prediction":0,"id":110296}
{"prediction":0,"id":110297}
{"prediction":1,"id":110298}
{"prediction":0,"id":110299}
{"prediction":0,"id":110300}
{"prediction":1,"id":110301}
{"prediction":0,"id":110302}
{"prediction":0,"id":110303}
{"prediction":0,"id":110304}
{"prediction":0,"id":110305}
{"prediction":0,"id":110306}
{"prediction":0,"id":110307}
{"prediction":0,"id":110308}
{"prediction":0,"id":110309}
{"prediction":1,"id":110310}
{"prediction":0,"id":110311}
{"prediction":0,"id":110312}
{"prediction":0,"id":110313}
{"prediction":0,"id":110314}
{"prediction":0,"id":110315}
{"prediction":0,"id":110316}
{"prediction":0,"id":110317}
{"prediction":0,"id":110318}
{"prediction":0,"id":110319}
{"prediction":0,"id":110320}
{"prediction":0,"id":110321}
{"prediction":1,"id":110322}
{"prediction":0,"id":110323}
{"prediction":0,"id":110324}
{"prediction":0,"id":110325}
{"prediction":0,"id":110326}
{"prediction":0,"id":110327}
{"prediction":0,"id":110328}
{"prediction":0,"id":110329}
{"prediction":0,"id":110330}
{"prediction":0,"id":110331}
{"prediction":0,"id":110332}
{"prediction":1,"id":110333}
{"prediction":0,"id":110334}
{"prediction":0,"id":110335}
{"prediction":0,"id":110336}
{"prediction":0,"id":110337}
{"prediction":0,"id":110338}
{"prediction":0,"id":110339}
{"prediction":0,"id":110340}
{"prediction":0,"id":110341}
{"prediction":1,"id":110342}
{"prediction":1,"id":110343}
{"prediction":0,"id":110344}
{"prediction":0,"id":110345}
{"prediction":0,"id":110346}
{"prediction":0,"id":110347}
{"prediction":0,"id":110348}
{"prediction":0,"id":110349}
{"prediction":0,"id":110350}
{"prediction":0,"id":110351}
{"prediction":0,"id":110352}
{"prediction":0,"id":110353}
{"prediction":0,"id":110354}
{"prediction":0,"id":110355}
{"prediction":0,"id":110356}
{"prediction":0,"id":110357}
{"prediction":0,"id":110358}
{"prediction":0,"id":110359}
{"prediction":0,"id":110360}
{"prediction":0,"id":110361}
{"prediction":0,"id":110362}
{"prediction":0,"id":110363}
{"prediction":0,"id":110364}
{"prediction":0,"id":110365}
{"prediction":0,"id":110366}
{"prediction":0,"id":110367}
{"prediction":0,"id":110368}
{"prediction":0,"id":110369}
{"prediction":0,"id":110370}
{"prediction":0,"id":110371}
{"prediction":1,"id":110372}
{"prediction":0,"id":110373}
{"prediction":0,"id":110374}
{"prediction":0,"id":110375}
{"prediction":0,"id":110376}
{"prediction":1,"id":110377}
{"prediction":0,"id":110378}
{"prediction":0,"id":110379}
{"prediction":0,"id":110380}
{"prediction":0,"id":110381}
{"prediction":0,"id":110382}
{"prediction":0,"id":110383}
{"prediction":0,"id":110384}
{"prediction":0,"id":110385}
{"prediction":0,"id":110386}
{"prediction":0,"id":110387}
{"prediction":0,"id":110388}
{"prediction":0,"id":110389}
{"prediction":0,"id":110390}
{"prediction":0,"id":110391}
{"prediction":0,"id":110392}
{"prediction":0,"id":110393}
{"prediction":0,"id":110394}
{"prediction":0,"id":110395}
{"prediction":0,"id":110396}
{"prediction":0,"id":110397}
{"prediction":0,"id":110398}
{"prediction":0,"id":110399}
{"prediction":0,"id":110400}
{"prediction":0,"id":110401}
{"prediction":0,"id":110402}
{"prediction":1,"id":110403}
{"prediction":0,"id":110404}
{"prediction":0,"id":110405}
{"prediction":0,"id":110406}
{"prediction":0,"id":110407}
{"prediction":0,"id":110408}
{"prediction":0,"id":110409}
{"prediction":0,"id":110410}
{"prediction":0,"id":110411}
{"prediction":0,"id":110412}
{"prediction":1,"id":110413}
{"prediction":0,"id":110414}
{"prediction":0,"id":110415}
{"prediction":0,"id":110416}
{"prediction":0,"id":110417}
{"prediction":0,"id":110418}
{"prediction":0,"id":110419}
{"prediction":0,"id":110420}
{"prediction":0,"id":110421}
{"prediction":0,"id":110422}
{"prediction":0,"id":110423}
{"prediction":0,"id":110424}
{"prediction":0,"id":110425}
{"prediction":0,"id":110426}
{"prediction":0,"id":110427}
{"prediction":0,"id":110428}
{"prediction":0,"id":110429}
{"prediction":0,"id":110430}
{"prediction":0,"id":110431}
{"prediction":1,"id":110432}
{"prediction":0,"id":110433}
{"prediction":0,"id":110434}
{"prediction":0,"id":110435}
{"prediction":0,"id":110436}
{"prediction":1,"id":110437}
{"prediction":0,"id":110438}
{"prediction":1,"id":110439}
{"prediction":0,"id":110440}
{"prediction":0,"id":110441}
{"prediction":0,"id":110442}
{"prediction":0,"id":110443}
{"prediction":0,"id":110444}
{"prediction":1,"id":110445}
{"prediction":0,"id":110446}
{"prediction":0,"id":110447}
{"prediction":1,"id":110448}
{"prediction":0,"id":110449}
{"prediction":0,"id":110450}
{"prediction":0,"id":110451}
{"prediction":0,"id":110452}
{"prediction":0,"id":110453}
{"prediction":0,"id":110454}
{"prediction":0,"id":110455}
{"prediction":0,"id":110456}
{"prediction":0,"id":110457}
{"prediction":0,"id":110458}
{"prediction":0,"id":110459}
{"prediction":0,"id":110460}
{"prediction":0,"id":110461}
{"prediction":0,"id":110462}
{"prediction":0,"id":110463}
{"prediction":0,"id":110464}
{"prediction":0,"id":110465}
{"prediction":0,"id":110466}
{"prediction":1,"id":110467}
{"prediction":0,"id":110468}
{"prediction":0,"id":110469}
{"prediction":0,"id":110470}
{"prediction":0,"id":110471}
{"prediction":1,"id":110472}
{"prediction":0,"id":110473}
{"prediction":1,"id":110474}
{"prediction":1,"id":110475}
{"prediction":0,"id":110476}
{"prediction":0,"id":110477}
{"prediction":1,"id":110478}
{"prediction":0,"id":110479}
{"prediction":0,"id":110480}
{"prediction":0,"id":110481}
{"prediction":0,"id":110482}
{"prediction":0,"id":110483}
{"prediction":0,"id":110484}
{"prediction":0,"id":110485}
{"prediction":0,"id":110486}
{"prediction":0,"id":110487}
{"prediction":0,"id":110488}
{"prediction":0,"id":110489}
{"prediction":0,"id":110490}
{"prediction":1,"id":110491}
{"prediction":1,"id":110492}
{"prediction":0,"id":110493}
{"prediction":0,"id":110494}
{"prediction":0,"id":110495}
{"prediction":0,"id":110496}
{"prediction":0,"id":110497}
{"prediction":0,"id":110498}
{"prediction":0,"id":110499}
{"prediction":0,"id":110500}
{"prediction":0,"id":110501}
{"prediction":0,"id":110502}
{"prediction":0,"id":110503}
{"prediction":0,"id":110504}
{"prediction":0,"id":110505}
{"prediction":0,"id":110506}
{"prediction":0,"id":110507}
{"prediction":0,"id":110508}
{"prediction":0,"id":110509}
{"prediction":0,"id":110510}
{"prediction":0,"id":110511}
{"prediction":0,"id":110512}
{"prediction":0,"id":110513}
{"prediction":0,"id":110514}
{"prediction":0,"id":110515}
{"prediction":0,"id":110516}
{"prediction":0,"id":110517}
{"prediction":0,"id":110518}
{"prediction":0,"id":110519}
{"prediction":0,"id":110520}
{"prediction":0,"id":110521}
{"prediction":0,"id":110522}
{"prediction":0,"id":110523}
{"prediction":0,"id":110524}
{"prediction":0,"id":110525}
{"prediction":0,"id":110526}
{"prediction":0,"id":110527}
{"prediction":0,"id":110528}
{"prediction":0,"id":110529}
{"prediction":0,"id":110530}
{"prediction":0,"id":110531}
{"prediction":0,"id":110532}
{"prediction":0,"id":110533}
{"prediction":0,"id":110534}
{"prediction":0,"id":110535}
{"prediction":0,"id":110536}
{"prediction":0,"id":110537}
{"prediction":0,"id":110538}
{"prediction":0,"id":110539}
{"prediction":0,"id":110540}
{"prediction":1,"id":110541}
{"prediction":0,"id":110542}
{"prediction":0,"id":110543}
{"prediction":0,"id":110544}
{"prediction":0,"id":110545}
{"prediction":0,"id":110546}
{"prediction":0,"id":110547}
{"prediction":0,"id":110548}
{"prediction":0,"id":110549}
{"prediction":0,"id":110550}
{"prediction":0,"id":110551}
{"prediction":0,"id":110552}
{"prediction":0,"id":110553}
{"prediction":0,"id":110554}
{"prediction":0,"id":110555}
{"prediction":0,"id":110556}
{"prediction":0,"id":110557}
{"prediction":0,"id":110558}
{"prediction":0,"id":110559}
{"prediction":0,"id":110560}
{"prediction":0,"id":110561}
{"prediction":0,"id":110562}
{"prediction":0,"id":110563}
{"prediction":0,"id":110564}
{"prediction":1,"id":110565}
{"prediction":0,"id":110566}
{"prediction":0,"id":110567}
{"prediction":0,"id":110568}
{"prediction":0,"id":110569}
{"prediction":0,"id":110570}
{"prediction":0,"id":110571}
{"prediction":0,"id":110572}
{"prediction":0,"id":110573}
{"prediction":0,"id":110574}
{"prediction":0,"id":110575}
{"prediction":0,"id":110576}
{"prediction":0,"id":110577}
{"prediction":0,"id":110578}
{"prediction":0,"id":110579}
{"prediction":0,"id":110580}
{"prediction":0,"id":110581}
{"prediction":0,"id":110582}
{"prediction":0,"id":110583}
{"prediction":0,"id":110584}
{"prediction":0,"id":110585}
{"prediction":0,"id":110586}
{"prediction":0,"id":110587}
{"prediction":0,"id":110588}
{"prediction":0,"id":110589}
{"prediction":0,"id":110590}
{"prediction":0,"id":110591}
{"prediction":0,"id":110592}
{"prediction":0,"id":110593}
{"prediction":1,"id":110594}
{"prediction":0,"id":110595}
{"prediction":1,"id":110596}
{"prediction":0,"id":110597}
{"prediction":0,"id":110598}
{"prediction":0,"id":110599}
{"prediction":0,"id":110600}
{"prediction":0,"id":110601}
{"prediction":0,"id":110602}
{"prediction":0,"id":110603}
{"prediction":0,"id":110604}
{"prediction":0,"id":110605}
{"prediction":0,"id":110606}
{"prediction":1,"id":110607}
{"prediction":0,"id":110608}
{"prediction":0,"id":110609}
{"prediction":1,"id":110610}
{"prediction":0,"id":110611}
{"prediction":0,"id":110612}
{"prediction":0,"id":110613}
{"prediction":0,"id":110614}
{"prediction":0,"id":110615}
{"prediction":0,"id":110616}
{"prediction":0,"id":110617}
{"prediction":0,"id":110618}
{"prediction":0,"id":110619}
{"prediction":0,"id":110620}
{"prediction":0,"id":110621}
{"prediction":0,"id":110622}
{"prediction":0,"id":110623}
{"prediction":0,"id":110624}
{"prediction":0,"id":110625}
{"prediction":1,"id":110626}
{"prediction":0,"id":110627}
{"prediction":0,"id":110628}
{"prediction":0,"id":110629}
{"prediction":0,"id":110630}
{"prediction":0,"id":110631}
{"prediction":0,"id":110632}
{"prediction":0,"id":110633}
{"prediction":0,"id":110634}
{"prediction":0,"id":110635}
{"prediction":0,"id":110636}
{"prediction":0,"id":110637}
{"prediction":0,"id":110638}
{"prediction":0,"id":110639}
{"prediction":0,"id":110640}
{"prediction":0,"id":110641}
{"prediction":0,"id":110642}
{"prediction":0,"id":110643}
{"prediction":0,"id":110644}
{"prediction":0,"id":110645}
{"prediction":0,"id":110646}
{"prediction":0,"id":110647}
{"prediction":0,"id":110648}
{"prediction":0,"id":110649}
{"prediction":0,"id":110650}
{"prediction":0,"id":110651}
{"prediction":1,"id":110652}
{"prediction":1,"id":110653}
{"prediction":0,"id":110654}
{"prediction":0,"id":110655}
{"prediction":0,"id":110656}
{"prediction":0,"id":110657}
{"prediction":0,"id":110658}
{"prediction":0,"id":110659}
{"prediction":0,"id":110660}
{"prediction":0,"id":110661}
{"prediction":0,"id":110662}
{"prediction":0,"id":110663}
{"prediction":0,"id":110664}
{"prediction":0,"id":110665}
{"prediction":0,"id":110666}
{"prediction":0,"id":110667}
{"prediction":0,"id":110668}
{"prediction":0,"id":110669}
{"prediction":0,"id":110670}
{"prediction":0,"id":110671}
{"prediction":0,"id":110672}
{"prediction":0,"id":110673}
{"prediction":0,"id":110674}
{"prediction":0,"id":110675}
{"prediction":0,"id":110676}
{"prediction":0,"id":110677}
{"prediction":1,"id":110678}
{"prediction":0,"id":110679}
{"prediction":0,"id":110680}
{"prediction":0,"id":110681}
{"prediction":0,"id":110682}
{"prediction":0,"id":110683}
{"prediction":0,"id":110684}
{"prediction":0,"id":110685}
{"prediction":0,"id":110686}
{"prediction":0,"id":110687}
{"prediction":0,"id":110688}
{"prediction":0,"id":110689}
{"prediction":0,"id":110690}
{"prediction":0,"id":110691}
{"prediction":1,"id":110692}
{"prediction":1,"id":110693}
{"prediction":0,"id":110694}
{"prediction":0,"id":110695}
{"prediction":0,"id":110696}
{"prediction":1,"id":110697}
{"prediction":0,"id":110698}
{"prediction":0,"id":110699}
{"prediction":0,"id":110700}
{"prediction":0,"id":110701}
{"prediction":0,"id":110702}
{"prediction":1,"id":110703}
{"prediction":0,"id":110704}
{"prediction":0,"id":110705}
{"prediction":0,"id":110706}
{"prediction":0,"id":110707}
{"prediction":1,"id":110708}
{"prediction":0,"id":110709}
{"prediction":0,"id":110710}
{"prediction":0,"id":110711}
{"prediction":1,"id":110712}
{"prediction":0,"id":110713}
{"prediction":0,"id":110714}
{"prediction":0,"id":110715}
{"prediction":1,"id":110716}
{"prediction":0,"id":110717}
{"prediction":0,"id":110718}
{"prediction":0,"id":110719}
{"prediction":0,"id":110720}
{"prediction":0,"id":110721}
{"prediction":0,"id":110722}
{"prediction":0,"id":110723}
{"prediction":0,"id":110724}
{"prediction":0,"id":110725}
{"prediction":1,"id":110726}
{"prediction":0,"id":110727}
{"prediction":0,"id":110728}
{"prediction":0,"id":110729}
{"prediction":0,"id":110730}
{"prediction":0,"id":110731}
{"prediction":0,"id":110732}
{"prediction":0,"id":110733}
{"prediction":0,"id":110734}
{"prediction":0,"id":110735}
{"prediction":0,"id":110736}
{"prediction":0,"id":110737}
{"prediction":0,"id":110738}
{"prediction":0,"id":110739}
{"prediction":0,"id":110740}
{"prediction":1,"id":110741}
{"prediction":1,"id":110742}
{"prediction":0,"id":110743}
{"prediction":0,"id":110744}
{"prediction":0,"id":110745}
{"prediction":0,"id":110746}
{"prediction":0,"id":110747}
{"prediction":0,"id":110748}
{"prediction":0,"id":110749}
{"prediction":0,"id":110750}
{"prediction":0,"id":110751}
{"prediction":0,"id":110752}
{"prediction":0,"id":110753}
{"prediction":0,"id":110754}
{"prediction":0,"id":110755}
{"prediction":0,"id":110756}
{"prediction":0,"id":110757}
{"prediction":0,"id":110758}
{"prediction":0,"id":110759}
{"prediction":0,"id":110760}
{"prediction":0,"id":110761}
{"prediction":0,"id":110762}
{"prediction":0,"id":110763}
{"prediction":0,"id":110764}
{"prediction":0,"id":110765}
{"prediction":0,"id":110766}
{"prediction":0,"id":110767}
{"prediction":0,"id":110768}
{"prediction":0,"id":110769}
{"prediction":0,"id":110770}
{"prediction":0,"id":110771}
{"prediction":0,"id":110772}
{"prediction":0,"id":110773}
{"prediction":0,"id":110774}
{"prediction":0,"id":110775}
{"prediction":0,"id":110776}
{"prediction":0,"id":110777}
{"prediction":0,"id":110778}
{"prediction":0,"id":110779}
{"prediction":0,"id":110780}
{"prediction":0,"id":110781}
{"prediction":0,"id":110782}
{"prediction":0,"id":110783}
{"prediction":0,"id":110784}
{"prediction":0,"id":110785}
{"prediction":0,"id":110786}
{"prediction":0,"id":110787}
{"prediction":0,"id":110788}
{"prediction":0,"id":110789}
{"prediction":0,"id":110790}
{"prediction":1,"id":110791}
{"prediction":0,"id":110792}
{"prediction":0,"id":110793}
{"prediction":0,"id":110794}
{"prediction":0,"id":110795}
{"prediction":0,"id":110796}
{"prediction":0,"id":110797}
{"prediction":0,"id":110798}
{"prediction":0,"id":110799}
{"prediction":0,"id":110800}
{"prediction":0,"id":110801}
{"prediction":0,"id":110802}
{"prediction":0,"id":110803}
{"prediction":0,"id":110804}
{"prediction":0,"id":110805}
{"prediction":0,"id":110806}
{"prediction":0,"id":110807}
{"prediction":1,"id":110808}
{"prediction":0,"id":110809}
{"prediction":0,"id":110810}
{"prediction":0,"id":110811}
{"prediction":0,"id":110812}
{"prediction":0,"id":110813}
{"prediction":1,"id":110814}
{"prediction":0,"id":110815}
{"prediction":1,"id":110816}
{"prediction":0,"id":110817}
{"prediction":0,"id":110818}
{"prediction":0,"id":110819}
{"prediction":0,"id":110820}
{"prediction":0,"id":110821}
{"prediction":0,"id":110822}
{"prediction":0,"id":110823}
{"prediction":0,"id":110824}
{"prediction":0,"id":110825}
{"prediction":1,"id":110826}
{"prediction":0,"id":110827}
{"prediction":0,"id":110828}
{"prediction":0,"id":110829}
{"prediction":0,"id":110830}
{"prediction":0,"id":110831}
{"prediction":0,"id":110832}
{"prediction":0,"id":110833}
{"prediction":0,"id":110834}
{"prediction":1,"id":110835}
{"prediction":0,"id":110836}
{"prediction":0,"id":110837}
{"prediction":0,"id":110838}
{"prediction":0,"id":110839}
{"prediction":0,"id":110840}
{"prediction":0,"id":110841}
{"prediction":0,"id":110842}
{"prediction":0,"id":110843}
{"prediction":0,"id":110844}
{"prediction":1,"id":110845}
{"prediction":0,"id":110846}
{"prediction":0,"id":110847}
{"prediction":0,"id":110848}
{"prediction":1,"id":110849}
{"prediction":0,"id":110850}
{"prediction":0,"id":110851}
{"prediction":0,"id":110852}
{"prediction":0,"id":110853}
{"prediction":0,"id":110854}
{"prediction":0,"id":110855}
{"prediction":0,"id":110856}
{"prediction":0,"id":110857}
{"prediction":0,"id":110858}
{"prediction":0,"id":110859}
{"prediction":0,"id":110860}
{"prediction":0,"id":110861}
{"prediction":0,"id":110862}
{"prediction":0,"id":110863}
{"prediction":0,"id":110864}
{"prediction":0,"id":110865}
{"prediction":0,"id":110866}
{"prediction":0,"id":110867}
{"prediction":0,"id":110868}
{"prediction":0,"id":110869}
{"prediction":0,"id":110870}
{"prediction":0,"id":110871}
{"prediction":1,"id":110872}
{"prediction":0,"id":110873}
{"prediction":1,"id":110874}
{"prediction":0,"id":110875}
{"prediction":0,"id":110876}
{"prediction":0,"id":110877}
{"prediction":0,"id":110878}
{"prediction":0,"id":110879}
{"prediction":0,"id":110880}
{"prediction":0,"id":110881}
{"prediction":0,"id":110882}
{"prediction":0,"id":110883}
{"prediction":0,"id":110884}
{"prediction":0,"id":110885}
{"prediction":0,"id":110886}
{"prediction":0,"id":110887}
{"prediction":0,"id":110888}
{"prediction":0,"id":110889}
{"prediction":0,"id":110890}
{"prediction":0,"id":110891}
{"prediction":0,"id":110892}
{"prediction":0,"id":110893}
{"prediction":0,"id":110894}
{"prediction":1,"id":110895}
{"prediction":0,"id":110896}
{"prediction":0,"id":110897}
{"prediction":0,"id":110898}
{"prediction":0,"id":110899}
{"prediction":0,"id":110900}
{"prediction":1,"id":110901}
{"prediction":0,"id":110902}
{"prediction":0,"id":110903}
{"prediction":0,"id":110904}
{"prediction":0,"id":110905}
{"prediction":0,"id":110906}
{"prediction":0,"id":110907}
{"prediction":0,"id":110908}
{"prediction":0,"id":110909}
{"prediction":0,"id":110910}
{"prediction":0,"id":110911}
{"prediction":0,"id":110912}
{"prediction":0,"id":110913}
{"prediction":0,"id":110914}
{"prediction":0,"id":110915}
{"prediction":0,"id":110916}
{"prediction":0,"id":110917}
{"prediction":0,"id":110918}
{"prediction":0,"id":110919}
{"prediction":0,"id":110920}
{"prediction":0,"id":110921}
{"prediction":0,"id":110922}
{"prediction":0,"id":110923}
{"prediction":0,"id":110924}
{"prediction":0,"id":110925}
{"prediction":0,"id":110926}
{"prediction":0,"id":110927}
{"prediction":0,"id":110928}
{"prediction":0,"id":110929}
{"prediction":0,"id":110930}
{"prediction":0,"id":110931}
{"prediction":0,"id":110932}
{"prediction":0,"id":110933}
{"prediction":0,"id":110934}
{"prediction":0,"id":110935}
{"prediction":0,"id":110936}
{"prediction":0,"id":110937}
{"prediction":0,"id":110938}
{"prediction":0,"id":110939}
{"prediction":0,"id":110940}
{"prediction":0,"id":110941}
{"prediction":1,"id":110942}
{"prediction":1,"id":110943}
{"prediction":0,"id":110944}
{"prediction":0,"id":110945}
{"prediction":0,"id":110946}
{"prediction":0,"id":110947}
{"prediction":0,"id":110948}
{"prediction":0,"id":110949}
{"prediction":0,"id":110950}
{"prediction":1,"id":110951}
{"prediction":0,"id":110952}
{"prediction":0,"id":110953}
{"prediction":0,"id":110954}
{"prediction":0,"id":110955}
{"prediction":0,"id":110956}
{"prediction":0,"id":110957}
{"prediction":0,"id":110958}
{"prediction":0,"id":110959}
{"prediction":0,"id":110960}
{"prediction":0,"id":110961}
{"prediction":0,"id":110962}
{"prediction":0,"id":110963}
{"prediction":0,"id":110964}
{"prediction":0,"id":110965}
{"prediction":0,"id":110966}
{"prediction":0,"id":110967}
{"prediction":0,"id":110968}
{"prediction":0,"id":110969}
{"prediction":0,"id":110970}
{"prediction":0,"id":110971}
{"prediction":0,"id":110972}
{"prediction":1,"id":110973}
{"prediction":0,"id":110974}
{"prediction":0,"id":110975}
{"prediction":0,"id":110976}
{"prediction":0,"id":110977}
{"prediction":0,"id":110978}
{"prediction":0,"id":110979}
{"prediction":0,"id":110980}
{"prediction":0,"id":110981}
{"prediction":0,"id":110982}
{"prediction":0,"id":110983}
{"prediction":0,"id":110984}
{"prediction":1,"id":110985}
{"prediction":0,"id":110986}
{"prediction":0,"id":110987}
{"prediction":0,"id":110988}
{"prediction":0,"id":110989}
{"prediction":0,"id":110990}
{"prediction":0,"id":110991}
{"prediction":0,"id":110992}
{"prediction":0,"id":110993}
{"prediction":0,"id":110994}
{"prediction":0,"id":110995}
{"prediction":0,"id":110996}
{"prediction":0,"id":110997}
{"prediction":0,"id":110998}
{"prediction":0,"id":110999}
{"prediction":0,"id":111000}
{"prediction":0,"id":111001}
{"prediction":0,"id":111002}
{"prediction":0,"id":111003}
{"prediction":0,"id":111004}
{"prediction":0,"id":111005}
{"prediction":0,"id":111006}
{"prediction":0,"id":111007}
{"prediction":0,"id":111008}
{"prediction":0,"id":111009}
{"prediction":0,"id":111010}
{"prediction":0,"id":111011}
{"prediction":0,"id":111012}
{"prediction":0,"id":111013}
{"prediction":0,"id":111014}
{"prediction":0,"id":111015}
{"prediction":0,"id":111016}
{"prediction":0,"id":111017}
{"prediction":0,"id":111018}
{"prediction":0,"id":111019}
{"prediction":0,"id":111020}
{"prediction":0,"id":111021}
{"prediction":0,"id":111022}
{"prediction":0,"id":111023}
{"prediction":1,"id":111024}
{"prediction":0,"id":111025}
{"prediction":0,"id":111026}
{"prediction":0,"id":111027}
{"prediction":1,"id":111028}
{"prediction":0,"id":111029}
{"prediction":1,"id":111030}
{"prediction":0,"id":111031}
{"prediction":0,"id":111032}
{"prediction":0,"id":111033}
{"prediction":0,"id":111034}
{"prediction":0,"id":111035}
{"prediction":0,"id":111036}
{"prediction":0,"id":111037}
{"prediction":0,"id":111038}
{"prediction":0,"id":111039}
{"prediction":0,"id":111040}
{"prediction":0,"id":111041}
{"prediction":0,"id":111042}
{"prediction":0,"id":111043}
{"prediction":0,"id":111044}
{"prediction":0,"id":111045}
{"prediction":0,"id":111046}
{"prediction":0,"id":111047}
{"prediction":0,"id":111048}
{"prediction":0,"id":111049}
{"prediction":0,"id":111050}
{"prediction":0,"id":111051}
{"prediction":0,"id":111052}
{"prediction":0,"id":111053}
{"prediction":0,"id":111054}
{"prediction":0,"id":111055}
{"prediction":1,"id":111056}
{"prediction":1,"id":111057}
{"prediction":0,"id":111058}
{"prediction":0,"id":111059}
{"prediction":1,"id":111060}
{"prediction":0,"id":111061}
{"prediction":0,"id":111062}
{"prediction":0,"id":111063}
{"prediction":0,"id":111064}
{"prediction":0,"id":111065}
{"prediction":0,"id":111066}
{"prediction":0,"id":111067}
{"prediction":0,"id":111068}
{"prediction":0,"id":111069}
{"prediction":0,"id":111070}
{"prediction":0,"id":111071}
{"prediction":0,"id":111072}
{"prediction":0,"id":111073}
{"prediction":0,"id":111074}
{"prediction":0,"id":111075}
{"prediction":0,"id":111076}
{"prediction":1,"id":111077}
{"prediction":0,"id":111078}
{"prediction":0,"id":111079}
{"prediction":0,"id":111080}
{"prediction":0,"id":111081}
{"prediction":0,"id":111082}
{"prediction":0,"id":111083}
{"prediction":1,"id":111084}
{"prediction":0,"id":111085}
{"prediction":0,"id":111086}
{"prediction":0,"id":111087}
{"prediction":0,"id":111088}
{"prediction":1,"id":111089}
{"prediction":0,"id":111090}
{"prediction":0,"id":111091}
{"prediction":0,"id":111092}
{"prediction":0,"id":111093}
{"prediction":0,"id":111094}
{"prediction":0,"id":111095}
{"prediction":0,"id":111096}
{"prediction":0,"id":111097}
{"prediction":0,"id":111098}
{"prediction":0,"id":111099}
{"prediction":1,"id":111100}
{"prediction":0,"id":111101}
{"prediction":0,"id":111102}
{"prediction":0,"id":111103}
{"prediction":0,"id":111104}
{"prediction":0,"id":111105}
{"prediction":0,"id":111106}
{"prediction":0,"id":111107}
{"prediction":0,"id":111108}
{"prediction":0,"id":111109}
{"prediction":0,"id":111110}
{"prediction":0,"id":111111}
{"prediction":0,"id":111112}
{"prediction":0,"id":111113}
{"prediction":0,"id":111114}
{"prediction":0,"id":111115}
{"prediction":0,"id":111116}
{"prediction":0,"id":111117}
{"prediction":0,"id":111118}
{"prediction":0,"id":111119}
{"prediction":1,"id":111120}
{"prediction":0,"id":111121}
{"prediction":0,"id":111122}
{"prediction":0,"id":111123}
{"prediction":0,"id":111124}
{"prediction":0,"id":111125}
{"prediction":0,"id":111126}
{"prediction":0,"id":111127}
{"prediction":0,"id":111128}
{"prediction":0,"id":111129}
{"prediction":0,"id":111130}
{"prediction":0,"id":111131}
{"prediction":0,"id":111132}
{"prediction":0,"id":111133}
{"prediction":0,"id":111134}
{"prediction":0,"id":111135}
{"prediction":0,"id":111136}
{"prediction":0,"id":111137}
{"prediction":0,"id":111138}
{"prediction":0,"id":111139}
{"prediction":0,"id":111140}
{"prediction":1,"id":111141}
{"prediction":0,"id":111142}
{"prediction":0,"id":111143}
{"prediction":1,"id":111144}
{"prediction":0,"id":111145}
{"prediction":0,"id":111146}
{"prediction":0,"id":111147}
{"prediction":0,"id":111148}
{"prediction":0,"id":111149}
{"prediction":0,"id":111150}
{"prediction":0,"id":111151}
{"prediction":0,"id":111152}
{"prediction":0,"id":111153}
{"prediction":0,"id":111154}
{"prediction":0,"id":111155}
{"prediction":0,"id":111156}
{"prediction":0,"id":111157}
{"prediction":0,"id":111158}
{"prediction":0,"id":111159}
{"prediction":0,"id":111160}
{"prediction":0,"id":111161}
{"prediction":0,"id":111162}
{"prediction":0,"id":111163}
{"prediction":1,"id":111164}
{"prediction":0,"id":111165}
{"prediction":0,"id":111166}
{"prediction":0,"id":111167}
{"prediction":0,"id":111168}
{"prediction":0,"id":111169}
{"prediction":0,"id":111170}
{"prediction":1,"id":111171}
{"prediction":0,"id":111172}
{"prediction":0,"id":111173}
{"prediction":0,"id":111174}
{"prediction":0,"id":111175}
{"prediction":0,"id":111176}
{"prediction":0,"id":111177}
{"prediction":0,"id":111178}
{"prediction":0,"id":111179}
{"prediction":0,"id":111180}
{"prediction":0,"id":111181}
{"prediction":0,"id":111182}
{"prediction":0,"id":111183}
{"prediction":0,"id":111184}
{"prediction":0,"id":111185}
{"prediction":0,"id":111186}
{"prediction":0,"id":111187}
{"prediction":0,"id":111188}
{"prediction":0,"id":111189}
{"prediction":0,"id":111190}
{"prediction":0,"id":111191}
{"prediction":0,"id":111192}
{"prediction":0,"id":111193}
{"prediction":0,"id":111194}
{"prediction":0,"id":111195}
{"prediction":0,"id":111196}
{"prediction":0,"id":111197}
{"prediction":0,"id":111198}
{"prediction":0,"id":111199}
{"prediction":1,"id":111200}
{"prediction":0,"id":111201}
{"prediction":0,"id":111202}
{"prediction":0,"id":111203}
{"prediction":0,"id":111204}
{"prediction":0,"id":111205}
{"prediction":0,"id":111206}
{"prediction":0,"id":111207}
{"prediction":0,"id":111208}
{"prediction":0,"id":111209}
{"prediction":0,"id":111210}
{"prediction":1,"id":111211}
{"prediction":0,"id":111212}
{"prediction":0,"id":111213}
{"prediction":1,"id":111214}
{"prediction":0,"id":111215}
{"prediction":0,"id":111216}
{"prediction":0,"id":111217}
{"prediction":0,"id":111218}
{"prediction":0,"id":111219}
{"prediction":0,"id":111220}
{"prediction":0,"id":111221}
{"prediction":0,"id":111222}
{"prediction":0,"id":111223}
{"prediction":0,"id":111224}
{"prediction":0,"id":111225}
{"prediction":0,"id":111226}
{"prediction":0,"id":111227}
{"prediction":0,"id":111228}
{"prediction":0,"id":111229}
{"prediction":0,"id":111230}
{"prediction":0,"id":111231}
{"prediction":0,"id":111232}
{"prediction":0,"id":111233}
{"prediction":0,"id":111234}
{"prediction":0,"id":111235}
{"prediction":0,"id":111236}
{"prediction":0,"id":111237}
{"prediction":0,"id":111238}
{"prediction":0,"id":111239}
{"prediction":0,"id":111240}
{"prediction":0,"id":111241}
{"prediction":0,"id":111242}
{"prediction":0,"id":111243}
{"prediction":0,"id":111244}
{"prediction":0,"id":111245}
{"prediction":0,"id":111246}
{"prediction":0,"id":111247}
{"prediction":0,"id":111248}
{"prediction":0,"id":111249}
{"prediction":0,"id":111250}
{"prediction":0,"id":111251}
{"prediction":0,"id":111252}
{"prediction":0,"id":111253}
{"prediction":0,"id":111254}
{"prediction":0,"id":111255}
{"prediction":0,"id":111256}
{"prediction":0,"id":111257}
{"prediction":0,"id":111258}
{"prediction":0,"id":111259}
{"prediction":1,"id":111260}
{"prediction":0,"id":111261}
{"prediction":0,"id":111262}
{"prediction":0,"id":111263}
{"prediction":0,"id":111264}
{"prediction":0,"id":111265}
{"prediction":0,"id":111266}
{"prediction":0,"id":111267}
{"prediction":0,"id":111268}
{"prediction":0,"id":111269}
{"prediction":0,"id":111270}
{"prediction":0,"id":111271}
{"prediction":0,"id":111272}
{"prediction":0,"id":111273}
{"prediction":0,"id":111274}
{"prediction":0,"id":111275}
{"prediction":0,"id":111276}
{"prediction":0,"id":111277}
{"prediction":0,"id":111278}
{"prediction":0,"id":111279}
{"prediction":0,"id":111280}
{"prediction":0,"id":111281}
{"prediction":0,"id":111282}
{"prediction":0,"id":111283}
{"prediction":0,"id":111284}
{"prediction":0,"id":111285}
{"prediction":0,"id":111286}
{"prediction":0,"id":111287}
{"prediction":0,"id":111288}
{"prediction":1,"id":111289}
{"prediction":0,"id":111290}
{"prediction":0,"id":111291}
{"prediction":0,"id":111292}
{"prediction":1,"id":111293}
{"prediction":0,"id":111294}
{"prediction":1,"id":111295}
{"prediction":0,"id":111296}
{"prediction":0,"id":111297}
{"prediction":0,"id":111298}
{"prediction":0,"id":111299}
{"prediction":0,"id":111300}
{"prediction":0,"id":111301}
{"prediction":0,"id":111302}
{"prediction":0,"id":111303}
{"prediction":0,"id":111304}
{"prediction":0,"id":111305}
{"prediction":1,"id":111306}
{"prediction":0,"id":111307}
{"prediction":0,"id":111308}
{"prediction":1,"id":111309}
{"prediction":0,"id":111310}
{"prediction":0,"id":111311}
{"prediction":1,"id":111312}
{"prediction":0,"id":111313}
{"prediction":0,"id":111314}
{"prediction":0,"id":111315}
{"prediction":0,"id":111316}
{"prediction":0,"id":111317}
{"prediction":0,"id":111318}
{"prediction":0,"id":111319}
{"prediction":0,"id":111320}
{"prediction":0,"id":111321}
{"prediction":0,"id":111322}
{"prediction":0,"id":111323}
{"prediction":0,"id":111324}
{"prediction":0,"id":111325}
{"prediction":0,"id":111326}
{"prediction":0,"id":111327}
{"prediction":0,"id":111328}
{"prediction":0,"id":111329}
{"prediction":0,"id":111330}
{"prediction":0,"id":111331}
{"prediction":0,"id":111332}
{"prediction":0,"id":111333}
{"prediction":0,"id":111334}
{"prediction":0,"id":111335}
{"prediction":0,"id":111336}
{"prediction":0,"id":111337}
{"prediction":0,"id":111338}
{"prediction":0,"id":111339}
{"prediction":0,"id":111340}
{"prediction":0,"id":111341}
{"prediction":0,"id":111342}
{"prediction":0,"id":111343}
{"prediction":0,"id":111344}
{"prediction":1,"id":111345}
{"prediction":0,"id":111346}
{"prediction":0,"id":111347}
{"prediction":0,"id":111348}
{"prediction":0,"id":111349}
{"prediction":0,"id":111350}
{"prediction":0,"id":111351}
{"prediction":0,"id":111352}
{"prediction":0,"id":111353}
{"prediction":0,"id":111354}
{"prediction":0,"id":111355}
{"prediction":0,"id":111356}
{"prediction":0,"id":111357}
{"prediction":0,"id":111358}
{"prediction":0,"id":111359}
{"prediction":0,"id":111360}
{"prediction":0,"id":111361}
{"prediction":0,"id":111362}
{"prediction":0,"id":111363}
{"prediction":0,"id":111364}
{"prediction":0,"id":111365}
{"prediction":1,"id":111366}
{"prediction":0,"id":111367}
{"prediction":0,"id":111368}
{"prediction":1,"id":111369}
{"prediction":0,"id":111370}
{"prediction":0,"id":111371}
{"prediction":0,"id":111372}
{"prediction":0,"id":111373}
{"prediction":0,"id":111374}
{"prediction":0,"id":111375}
{"prediction":0,"id":111376}
{"prediction":0,"id":111377}
{"prediction":0,"id":111378}
{"prediction":0,"id":111379}
{"prediction":0,"id":111380}
{"prediction":1,"id":111381}
{"prediction":1,"id":111382}
{"prediction":0,"id":111383}
{"prediction":0,"id":111384}
{"prediction":0,"id":111385}
{"prediction":0,"id":111386}
{"prediction":0,"id":111387}
{"prediction":0,"id":111388}
{"prediction":1,"id":111389}
{"prediction":0,"id":111390}
{"prediction":0,"id":111391}
{"prediction":0,"id":111392}
{"prediction":1,"id":111393}
{"prediction":0,"id":111394}
{"prediction":0,"id":111395}
{"prediction":0,"id":111396}
{"prediction":0,"id":111397}
{"prediction":0,"id":111398}
{"prediction":0,"id":111399}
{"prediction":0,"id":111400}
{"prediction":0,"id":111401}
{"prediction":0,"id":111402}
{"prediction":0,"id":111403}
{"prediction":0,"id":111404}
{"prediction":0,"id":111405}
{"prediction":0,"id":111406}
{"prediction":0,"id":111407}
{"prediction":0,"id":111408}
{"prediction":0,"id":111409}
{"prediction":0,"id":111410}
{"prediction":0,"id":111411}
{"prediction":0,"id":111412}
{"prediction":1,"id":111413}
{"prediction":0,"id":111414}
{"prediction":0,"id":111415}
{"prediction":0,"id":111416}
{"prediction":0,"id":111417}
{"prediction":0,"id":111418}
{"prediction":0,"id":111419}
{"prediction":0,"id":111420}
{"prediction":0,"id":111421}
{"prediction":0,"id":111422}
{"prediction":0,"id":111423}
{"prediction":1,"id":111424}
{"prediction":0,"id":111425}
{"prediction":0,"id":111426}
{"prediction":0,"id":111427}
{"prediction":0,"id":111428}
{"prediction":0,"id":111429}
{"prediction":1,"id":111430}
{"prediction":0,"id":111431}
{"prediction":0,"id":111432}
{"prediction":0,"id":111433}
{"prediction":0,"id":111434}
{"prediction":0,"id":111435}
{"prediction":0,"id":111436}
{"prediction":0,"id":111437}
{"prediction":0,"id":111438}
{"prediction":0,"id":111439}
{"prediction":0,"id":111440}
{"prediction":0,"id":111441}
{"prediction":0,"id":111442}
{"prediction":0,"id":111443}
{"prediction":0,"id":111444}
{"prediction":0,"id":111445}
{"prediction":0,"id":111446}
{"prediction":0,"id":111447}
{"prediction":0,"id":111448}
{"prediction":0,"id":111449}
{"prediction":0,"id":111450}
{"prediction":0,"id":111451}
{"prediction":0,"id":111452}
{"prediction":0,"id":111453}
{"prediction":0,"id":111454}
{"prediction":0,"id":111455}
{"prediction":0,"id":111456}
{"prediction":0,"id":111457}
{"prediction":0,"id":111458}
{"prediction":0,"id":111459}
{"prediction":0,"id":111460}
{"prediction":0,"id":111461}
{"prediction":0,"id":111462}
{"prediction":0,"id":111463}
{"prediction":0,"id":111464}
{"prediction":0,"id":111465}
{"prediction":0,"id":111466}
{"prediction":0,"id":111467}
{"prediction":0,"id":111468}
{"prediction":1,"id":111469}
{"prediction":0,"id":111470}
{"prediction":0,"id":111471}
{"prediction":0,"id":111472}
{"prediction":0,"id":111473}
{"prediction":0,"id":111474}
{"prediction":0,"id":111475}
{"prediction":0,"id":111476}
{"prediction":0,"id":111477}
{"prediction":1,"id":111478}
{"prediction":0,"id":111479}
{"prediction":0,"id":111480}
{"prediction":0,"id":111481}
{"prediction":0,"id":111482}
{"prediction":0,"id":111483}
{"prediction":0,"id":111484}
{"prediction":0,"id":111485}
{"prediction":0,"id":111486}
{"prediction":0,"id":111487}
{"prediction":0,"id":111488}
{"prediction":0,"id":111489}
{"prediction":0,"id":111490}
{"prediction":0,"id":111491}
{"prediction":0,"id":111492}
{"prediction":0,"id":111493}
{"prediction":0,"id":111494}
{"prediction":0,"id":111495}
{"prediction":0,"id":111496}
{"prediction":0,"id":111497}
{"prediction":0,"id":111498}
{"prediction":0,"id":111499}
{"prediction":0,"id":111500}
{"prediction":0,"id":111501}
{"prediction":0,"id":111502}
{"prediction":0,"id":111503}
{"prediction":0,"id":111504}
{"prediction":0,"id":111505}
{"prediction":0,"id":111506}
{"prediction":0,"id":111507}
{"prediction":0,"id":111508}
{"prediction":0,"id":111509}
{"prediction":0,"id":111510}
{"prediction":0,"id":111511}
{"prediction":0,"id":111512}
{"prediction":0,"id":111513}
{"prediction":0,"id":111514}
{"prediction":0,"id":111515}
{"prediction":0,"id":111516}
{"prediction":0,"id":111517}
{"prediction":0,"id":111518}
{"prediction":0,"id":111519}
{"prediction":0,"id":111520}
{"prediction":0,"id":111521}
{"prediction":0,"id":111522}
{"prediction":0,"id":111523}
{"prediction":0,"id":111524}
{"prediction":1,"id":111525}
{"prediction":0,"id":111526}
{"prediction":0,"id":111527}
{"prediction":0,"id":111528}
{"prediction":0,"id":111529}
{"prediction":0,"id":111530}
{"prediction":0,"id":111531}
{"prediction":0,"id":111532}
{"prediction":0,"id":111533}
{"prediction":0,"id":111534}
{"prediction":0,"id":111535}
{"prediction":0,"id":111536}
{"prediction":0,"id":111537}
{"prediction":0,"id":111538}
{"prediction":0,"id":111539}
{"prediction":0,"id":111540}
{"prediction":0,"id":111541}
{"prediction":0,"id":111542}
{"prediction":0,"id":111543}
{"prediction":0,"id":111544}
{"prediction":0,"id":111545}
{"prediction":0,"id":111546}
{"prediction":0,"id":111547}
{"prediction":0,"id":111548}
{"prediction":0,"id":111549}
{"prediction":0,"id":111550}
{"prediction":0,"id":111551}
{"prediction":0,"id":111552}
{"prediction":0,"id":111553}
{"prediction":0,"id":111554}
{"prediction":0,"id":111555}
{"prediction":0,"id":111556}
{"prediction":0,"id":111557}
{"prediction":0,"id":111558}
{"prediction":0,"id":111559}
{"prediction":0,"id":111560}
{"prediction":0,"id":111561}
{"prediction":1,"id":111562}
{"prediction":0,"id":111563}
{"prediction":0,"id":111564}
{"prediction":0,"id":111565}
{"prediction":1,"id":111566}
{"prediction":0,"id":111567}
{"prediction":0,"id":111568}
{"prediction":0,"id":111569}
{"prediction":0,"id":111570}
{"prediction":0,"id":111571}
{"prediction":0,"id":111572}
{"prediction":1,"id":111573}
{"prediction":0,"id":111574}
{"prediction":0,"id":111575}
{"prediction":0,"id":111576}
{"prediction":0,"id":111577}
{"prediction":1,"id":111578}
{"prediction":0,"id":111579}
{"prediction":0,"id":111580}
{"prediction":0,"id":111581}
{"prediction":0,"id":111582}
{"prediction":0,"id":111583}
{"prediction":0,"id":111584}
{"prediction":0,"id":111585}
{"prediction":0,"id":111586}
{"prediction":0,"id":111587}
{"prediction":0,"id":111588}
{"prediction":0,"id":111589}
{"prediction":0,"id":111590}
{"prediction":0,"id":111591}
{"prediction":0,"id":111592}
{"prediction":0,"id":111593}
{"prediction":0,"id":111594}
{"prediction":0,"id":111595}
{"prediction":0,"id":111596}
{"prediction":0,"id":111597}
{"prediction":0,"id":111598}
{"prediction":0,"id":111599}
{"prediction":0,"id":111600}
{"prediction":0,"id":111601}
{"prediction":0,"id":111602}
{"prediction":0,"id":111603}
{"prediction":0,"id":111604}
{"prediction":0,"id":111605}
{"prediction":0,"id":111606}
{"prediction":0,"id":111607}
{"prediction":0,"id":111608}
{"prediction":0,"id":111609}
{"prediction":0,"id":111610}
{"prediction":0,"id":111611}
{"prediction":0,"id":111612}
{"prediction":0,"id":111613}
{"prediction":0,"id":111614}
{"prediction":0,"id":111615}
{"prediction":0,"id":111616}
{"prediction":0,"id":111617}
{"prediction":0,"id":111618}
{"prediction":0,"id":111619}
{"prediction":0,"id":111620}
{"prediction":0,"id":111621}
{"prediction":0,"id":111622}
{"prediction":0,"id":111623}
{"prediction":0,"id":111624}
{"prediction":0,"id":111625}
{"prediction":0,"id":111626}
{"prediction":0,"id":111627}
{"prediction":0,"id":111628}
{"prediction":1,"id":111629}
{"prediction":0,"id":111630}
{"prediction":0,"id":111631}
{"prediction":0,"id":111632}
{"prediction":0,"id":111633}
{"prediction":0,"id":111634}
{"prediction":0,"id":111635}
{"prediction":0,"id":111636}
{"prediction":0,"id":111637}
{"prediction":0,"id":111638}
{"prediction":0,"id":111639}
{"prediction":1,"id":111640}
{"prediction":0,"id":111641}
{"prediction":0,"id":111642}
{"prediction":0,"id":111643}
{"prediction":0,"id":111644}
{"prediction":0,"id":111645}
{"prediction":1,"id":111646}
{"prediction":0,"id":111647}
{"prediction":0,"id":111648}
{"prediction":0,"id":111649}
{"prediction":0,"id":111650}
{"prediction":0,"id":111651}
{"prediction":0,"id":111652}
{"prediction":0,"id":111653}
{"prediction":0,"id":111654}
{"prediction":0,"id":111655}
{"prediction":0,"id":111656}
{"prediction":0,"id":111657}
{"prediction":0,"id":111658}
{"prediction":0,"id":111659}
{"prediction":0,"id":111660}
{"prediction":0,"id":111661}
{"prediction":0,"id":111662}
{"prediction":1,"id":111663}
{"prediction":0,"id":111664}
{"prediction":0,"id":111665}
{"prediction":0,"id":111666}
{"prediction":0,"id":111667}
{"prediction":0,"id":111668}
{"prediction":0,"id":111669}
{"prediction":0,"id":111670}
{"prediction":0,"id":111671}
{"prediction":0,"id":111672}
{"prediction":0,"id":111673}
{"prediction":0,"id":111674}
{"prediction":0,"id":111675}
{"prediction":0,"id":111676}
{"prediction":0,"id":111677}
{"prediction":0,"id":111678}
{"prediction":0,"id":111679}
{"prediction":0,"id":111680}
{"prediction":0,"id":111681}
{"prediction":0,"id":111682}
{"prediction":0,"id":111683}
{"prediction":0,"id":111684}
{"prediction":1,"id":111685}
{"prediction":0,"id":111686}
{"prediction":0,"id":111687}
{"prediction":0,"id":111688}
{"prediction":0,"id":111689}
{"prediction":0,"id":111690}
{"prediction":0,"id":111691}
{"prediction":0,"id":111692}
{"prediction":0,"id":111693}
{"prediction":0,"id":111694}
{"prediction":0,"id":111695}
{"prediction":0,"id":111696}
{"prediction":0,"id":111697}
{"prediction":0,"id":111698}
{"prediction":0,"id":111699}
{"prediction":0,"id":111700}
{"prediction":0,"id":111701}
{"prediction":0,"id":111702}
{"prediction":0,"id":111703}
{"prediction":0,"id":111704}
{"prediction":0,"id":111705}
{"prediction":0,"id":111706}
{"prediction":0,"id":111707}
{"prediction":0,"id":111708}
{"prediction":0,"id":111709}
{"prediction":0,"id":111710}
{"prediction":1,"id":111711}
{"prediction":0,"id":111712}
{"prediction":0,"id":111713}
{"prediction":0,"id":111714}
{"prediction":0,"id":111715}
{"prediction":0,"id":111716}
{"prediction":0,"id":111717}
{"prediction":0,"id":111718}
{"prediction":0,"id":111719}
{"prediction":0,"id":111720}
{"prediction":0,"id":111721}
{"prediction":0,"id":111722}
{"prediction":0,"id":111723}
{"prediction":0,"id":111724}
{"prediction":0,"id":111725}
{"prediction":0,"id":111726}
{"prediction":0,"id":111727}
{"prediction":0,"id":111728}
{"prediction":0,"id":111729}
{"prediction":0,"id":111730}
{"prediction":0,"id":111731}
{"prediction":0,"id":111732}
{"prediction":0,"id":111733}
{"prediction":0,"id":111734}
{"prediction":0,"id":111735}
{"prediction":0,"id":111736}
{"prediction":0,"id":111737}
{"prediction":0,"id":111738}
{"prediction":0,"id":111739}
{"prediction":0,"id":111740}
{"prediction":0,"id":111741}
{"prediction":1,"id":111742}
{"prediction":0,"id":111743}
{"prediction":0,"id":111744}
{"prediction":0,"id":111745}
{"prediction":0,"id":111746}
{"prediction":0,"id":111747}
{"prediction":0,"id":111748}
{"prediction":0,"id":111749}
{"prediction":0,"id":111750}
{"prediction":0,"id":111751}
{"prediction":0,"id":111752}
{"prediction":0,"id":111753}
{"prediction":0,"id":111754}
{"prediction":0,"id":111755}
{"prediction":0,"id":111756}
{"prediction":0,"id":111757}
{"prediction":0,"id":111758}
{"prediction":0,"id":111759}
{"prediction":0,"id":111760}
{"prediction":0,"id":111761}
{"prediction":0,"id":111762}
{"prediction":0,"id":111763}
{"prediction":0,"id":111764}
{"prediction":0,"id":111765}
{"prediction":0,"id":111766}
{"prediction":0,"id":111767}
{"prediction":0,"id":111768}
{"prediction":0,"id":111769}
{"prediction":0,"id":111770}
{"prediction":0,"id":111771}
{"prediction":0,"id":111772}
{"prediction":0,"id":111773}
{"prediction":1,"id":111774}
{"prediction":0,"id":111775}
{"prediction":1,"id":111776}
{"prediction":1,"id":111777}
{"prediction":0,"id":111778}
{"prediction":0,"id":111779}
{"prediction":0,"id":111780}
{"prediction":0,"id":111781}
{"prediction":0,"id":111782}
{"prediction":0,"id":111783}
{"prediction":0,"id":111784}
{"prediction":0,"id":111785}
{"prediction":0,"id":111786}
{"prediction":0,"id":111787}
{"prediction":0,"id":111788}
{"prediction":0,"id":111789}
{"prediction":0,"id":111790}
{"prediction":0,"id":111791}
{"prediction":0,"id":111792}
{"prediction":0,"id":111793}
{"prediction":1,"id":111794}
{"prediction":0,"id":111795}
{"prediction":0,"id":111796}
{"prediction":0,"id":111797}
{"prediction":0,"id":111798}
{"prediction":0,"id":111799}
{"prediction":0,"id":111800}
{"prediction":0,"id":111801}
{"prediction":0,"id":111802}
{"prediction":0,"id":111803}
{"prediction":0,"id":111804}
{"prediction":0,"id":111805}
{"prediction":0,"id":111806}
{"prediction":0,"id":111807}
{"prediction":0,"id":111808}
{"prediction":0,"id":111809}
{"prediction":0,"id":111810}
{"prediction":0,"id":111811}
{"prediction":0,"id":111812}
{"prediction":0,"id":111813}
{"prediction":0,"id":111814}
{"prediction":0,"id":111815}
{"prediction":0,"id":111816}
{"prediction":0,"id":111817}
{"prediction":0,"id":111818}
{"prediction":0,"id":111819}
{"prediction":0,"id":111820}
{"prediction":0,"id":111821}
{"prediction":0,"id":111822}
{"prediction":0,"id":111823}
{"prediction":0,"id":111824}
{"prediction":0,"id":111825}
{"prediction":0,"id":111826}
{"prediction":0,"id":111827}
{"prediction":0,"id":111828}
{"prediction":0,"id":111829}
{"prediction":0,"id":111830}
{"prediction":0,"id":111831}
{"prediction":0,"id":111832}
{"prediction":0,"id":111833}
{"prediction":1,"id":111834}
{"prediction":0,"id":111835}
{"prediction":0,"id":111836}
{"prediction":0,"id":111837}
{"prediction":0,"id":111838}
{"prediction":0,"id":111839}
{"prediction":0,"id":111840}
{"prediction":0,"id":111841}
{"prediction":0,"id":111842}
{"prediction":1,"id":111843}
{"prediction":0,"id":111844}
{"prediction":0,"id":111845}
{"prediction":0,"id":111846}
{"prediction":1,"id":111847}
{"prediction":1,"id":111848}
{"prediction":0,"id":111849}
{"prediction":0,"id":111850}
{"prediction":0,"id":111851}
{"prediction":1,"id":111852}
{"prediction":0,"id":111853}
{"prediction":0,"id":111854}
{"prediction":0,"id":111855}
{"prediction":0,"id":111856}
{"prediction":0,"id":111857}
{"prediction":0,"id":111858}
{"prediction":0,"id":111859}
{"prediction":0,"id":111860}
{"prediction":0,"id":111861}
{"prediction":0,"id":111862}
{"prediction":0,"id":111863}
{"prediction":0,"id":111864}
{"prediction":0,"id":111865}
{"prediction":0,"id":111866}
{"prediction":0,"id":111867}
{"prediction":0,"id":111868}
{"prediction":0,"id":111869}
{"prediction":0,"id":111870}
{"prediction":0,"id":111871}
{"prediction":0,"id":111872}
{"prediction":0,"id":111873}
{"prediction":0,"id":111874}
{"prediction":0,"id":111875}
{"prediction":0,"id":111876}
{"prediction":0,"id":111877}
{"prediction":0,"id":111878}
{"prediction":0,"id":111879}
{"prediction":0,"id":111880}
{"prediction":0,"id":111881}
{"prediction":0,"id":111882}
{"prediction":0,"id":111883}
{"prediction":0,"id":111884}
{"prediction":0,"id":111885}
{"prediction":0,"id":111886}
{"prediction":0,"id":111887}
{"prediction":0,"id":111888}
{"prediction":0,"id":111889}
{"prediction":0,"id":111890}
{"prediction":0,"id":111891}
{"prediction":0,"id":111892}
{"prediction":0,"id":111893}
{"prediction":0,"id":111894}
{"prediction":0,"id":111895}
{"prediction":0,"id":111896}
{"prediction":0,"id":111897}
{"prediction":0,"id":111898}
{"prediction":0,"id":111899}
{"prediction":0,"id":111900}
{"prediction":0,"id":111901}
{"prediction":0,"id":111902}
{"prediction":0,"id":111903}
{"prediction":0,"id":111904}
{"prediction":0,"id":111905}
{"prediction":0,"id":111906}
{"prediction":0,"id":111907}
{"prediction":0,"id":111908}
{"prediction":0,"id":111909}
{"prediction":0,"id":111910}
{"prediction":0,"id":111911}
{"prediction":0,"id":111912}
{"prediction":0,"id":111913}
{"prediction":0,"id":111914}
{"prediction":0,"id":111915}
{"prediction":0,"id":111916}
{"prediction":0,"id":111917}
{"prediction":0,"id":111918}
{"prediction":0,"id":111919}
{"prediction":0,"id":111920}
{"prediction":0,"id":111921}
{"prediction":0,"id":111922}
{"prediction":1,"id":111923}
{"prediction":0,"id":111924}
{"prediction":0,"id":111925}
{"prediction":0,"id":111926}
{"prediction":0,"id":111927}
{"prediction":0,"id":111928}
{"prediction":0,"id":111929}
{"prediction":0,"id":111930}
{"prediction":0,"id":111931}
{"prediction":0,"id":111932}
{"prediction":0,"id":111933}
{"prediction":0,"id":111934}
{"prediction":0,"id":111935}
{"prediction":0,"id":111936}
{"prediction":0,"id":111937}
{"prediction":0,"id":111938}
{"prediction":0,"id":111939}
{"prediction":0,"id":111940}
{"prediction":0,"id":111941}
{"prediction":0,"id":111942}
{"prediction":0,"id":111943}
{"prediction":0,"id":111944}
{"prediction":0,"id":111945}
{"prediction":0,"id":111946}
{"prediction":0,"id":111947}
{"prediction":0,"id":111948}
{"prediction":0,"id":111949}
{"prediction":0,"id":111950}
{"prediction":0,"id":111951}
{"prediction":0,"id":111952}
{"prediction":0,"id":111953}
{"prediction":0,"id":111954}
{"prediction":0,"id":111955}
{"prediction":0,"id":111956}
{"prediction":0,"id":111957}
{"prediction":0,"id":111958}
{"prediction":0,"id":111959}
{"prediction":0,"id":111960}
{"prediction":1,"id":111961}
{"prediction":0,"id":111962}
{"prediction":0,"id":111963}
{"prediction":0,"id":111964}
{"prediction":0,"id":111965}
{"prediction":0,"id":111966}
{"prediction":0,"id":111967}
{"prediction":0,"id":111968}
{"prediction":0,"id":111969}
{"prediction":0,"id":111970}
{"prediction":0,"id":111971}
{"prediction":0,"id":111972}
{"prediction":0,"id":111973}
{"prediction":0,"id":111974}
{"prediction":0,"id":111975}
{"prediction":0,"id":111976}
{"prediction":1,"id":111977}
{"prediction":0,"id":111978}
{"prediction":0,"id":111979}
{"prediction":0,"id":111980}
{"prediction":0,"id":111981}
{"prediction":0,"id":111982}
{"prediction":0,"id":111983}
{"prediction":0,"id":111984}
{"prediction":0,"id":111985}
{"prediction":0,"id":111986}
{"prediction":0,"id":111987}
{"prediction":0,"id":111988}
{"prediction":0,"id":111989}
{"prediction":0,"id":111990}
{"prediction":0,"id":111991}
{"prediction":0,"id":111992}
{"prediction":0,"id":111993}
{"prediction":0,"id":111994}
{"prediction":0,"id":111995}
{"prediction":0,"id":111996}
{"prediction":0,"id":111997}
{"prediction":0,"id":111998}
{"prediction":0,"id":111999}
{"prediction":0,"id":112000}
{"prediction":0,"id":112001}
{"prediction":1,"id":112002}
{"prediction":0,"id":112003}
{"prediction":1,"id":112004}
{"prediction":0,"id":112005}
{"prediction":0,"id":112006}
{"prediction":0,"id":112007}
{"prediction":0,"id":112008}
{"prediction":0,"id":112009}
{"prediction":0,"id":112010}
{"prediction":0,"id":112011}
{"prediction":0,"id":112012}
{"prediction":0,"id":112013}
{"prediction":0,"id":112014}
{"prediction":0,"id":112015}
{"prediction":0,"id":112016}
{"prediction":0,"id":112017}
{"prediction":0,"id":112018}
{"prediction":0,"id":112019}
{"prediction":0,"id":112020}
{"prediction":0,"id":112021}
{"prediction":0,"id":112022}
{"prediction":1,"id":112023}
{"prediction":0,"id":112024}
{"prediction":0,"id":112025}
{"prediction":0,"id":112026}
{"prediction":0,"id":112027}
{"prediction":0,"id":112028}
{"prediction":0,"id":112029}
{"prediction":0,"id":112030}
{"prediction":0,"id":112031}
{"prediction":0,"id":112032}
{"prediction":0,"id":112033}
{"prediction":0,"id":112034}
{"prediction":0,"id":112035}
{"prediction":0,"id":112036}
{"prediction":0,"id":112037}
{"prediction":0,"id":112038}
{"prediction":0,"id":112039}
{"prediction":0,"id":112040}
{"prediction":0,"id":112041}
{"prediction":0,"id":112042}
{"prediction":0,"id":112043}
{"prediction":0,"id":112044}
{"prediction":0,"id":112045}
{"prediction":0,"id":112046}
{"prediction":0,"id":112047}
{"prediction":0,"id":112048}
{"prediction":0,"id":112049}
{"prediction":0,"id":112050}
{"prediction":0,"id":112051}
{"prediction":0,"id":112052}
{"prediction":0,"id":112053}
{"prediction":0,"id":112054}
{"prediction":0,"id":112055}
{"prediction":0,"id":112056}
{"prediction":0,"id":112057}
{"prediction":0,"id":112058}
{"prediction":0,"id":112059}
{"prediction":0,"id":112060}
{"prediction":0,"id":112061}
{"prediction":0,"id":112062}
{"prediction":0,"id":112063}
{"prediction":0,"id":112064}
{"prediction":0,"id":112065}
{"prediction":0,"id":112066}
{"prediction":0,"id":112067}
{"prediction":1,"id":112068}
{"prediction":0,"id":112069}
{"prediction":0,"id":112070}
{"prediction":0,"id":112071}
{"prediction":0,"id":112072}
{"prediction":0,"id":112073}
{"prediction":0,"id":112074}
{"prediction":0,"id":112075}
{"prediction":0,"id":112076}
{"prediction":0,"id":112077}
{"prediction":0,"id":112078}
{"prediction":1,"id":112079}
{"prediction":0,"id":112080}
{"prediction":0,"id":112081}
{"prediction":0,"id":112082}
{"prediction":0,"id":112083}
{"prediction":0,"id":112084}
{"prediction":0,"id":112085}
{"prediction":0,"id":112086}
{"prediction":0,"id":112087}
{"prediction":0,"id":112088}
{"prediction":0,"id":112089}
{"prediction":0,"id":112090}
{"prediction":0,"id":112091}
{"prediction":0,"id":112092}
{"prediction":0,"id":112093}
{"prediction":0,"id":112094}
{"prediction":0,"id":112095}
{"prediction":0,"id":112096}
{"prediction":0,"id":112097}
{"prediction":0,"id":112098}
{"prediction":0,"id":112099}
{"prediction":0,"id":112100}
{"prediction":0,"id":112101}
{"prediction":0,"id":112102}
{"prediction":0,"id":112103}
{"prediction":0,"id":112104}
{"prediction":0,"id":112105}
{"prediction":0,"id":112106}
{"prediction":0,"id":112107}
{"prediction":0,"id":112108}
{"prediction":0,"id":112109}
{"prediction":0,"id":112110}
{"prediction":0,"id":112111}
{"prediction":0,"id":112112}
{"prediction":0,"id":112113}
{"prediction":0,"id":112114}
{"prediction":0,"id":112115}
{"prediction":0,"id":112116}
{"prediction":0,"id":112117}
{"prediction":0,"id":112118}
{"prediction":0,"id":112119}
{"prediction":0,"id":112120}
{"prediction":0,"id":112121}
{"prediction":0,"id":112122}
{"prediction":0,"id":112123}
{"prediction":0,"id":112124}
{"prediction":0,"id":112125}
{"prediction":0,"id":112126}
{"prediction":0,"id":112127}
{"prediction":0,"id":112128}
{"prediction":0,"id":112129}
{"prediction":0,"id":112130}
{"prediction":0,"id":112131}
{"prediction":1,"id":112132}
{"prediction":0,"id":112133}
{"prediction":0,"id":112134}
{"prediction":0,"id":112135}
{"prediction":0,"id":112136}
{"prediction":0,"id":112137}
{"prediction":1,"id":112138}
{"prediction":1,"id":112139}
{"prediction":0,"id":112140}
{"prediction":0,"id":112141}
{"prediction":0,"id":112142}
{"prediction":0,"id":112143}
{"prediction":0,"id":112144}
{"prediction":0,"id":112145}
{"prediction":0,"id":112146}
{"prediction":1,"id":112147}
{"prediction":0,"id":112148}
{"prediction":0,"id":112149}
{"prediction":0,"id":112150}
{"prediction":0,"id":112151}
{"prediction":0,"id":112152}
{"prediction":0,"id":112153}
{"prediction":1,"id":112154}
{"prediction":0,"id":112155}
{"prediction":0,"id":112156}
{"prediction":1,"id":112157}
{"prediction":0,"id":112158}
{"prediction":0,"id":112159}
{"prediction":0,"id":112160}
{"prediction":0,"id":112161}
{"prediction":0,"id":112162}
{"prediction":0,"id":112163}
{"prediction":0,"id":112164}
{"prediction":0,"id":112165}
{"prediction":1,"id":112166}
{"prediction":0,"id":112167}
{"prediction":0,"id":112168}
{"prediction":0,"id":112169}
{"prediction":0,"id":112170}
{"prediction":0,"id":112171}
{"prediction":0,"id":112172}
{"prediction":0,"id":112173}
{"prediction":0,"id":112174}
{"prediction":0,"id":112175}
{"prediction":0,"id":112176}
{"prediction":0,"id":112177}
{"prediction":0,"id":112178}
{"prediction":0,"id":112179}
{"prediction":0,"id":112180}
{"prediction":0,"id":112181}
{"prediction":0,"id":112182}
{"prediction":0,"id":112183}
{"prediction":0,"id":112184}
{"prediction":0,"id":112185}
{"prediction":0,"id":112186}
{"prediction":0,"id":112187}
{"prediction":0,"id":112188}
{"prediction":0,"id":112189}
{"prediction":0,"id":112190}
{"prediction":0,"id":112191}
{"prediction":0,"id":112192}
{"prediction":0,"id":112193}
{"prediction":0,"id":112194}
{"prediction":1,"id":112195}
{"prediction":0,"id":112196}
{"prediction":0,"id":112197}
{"prediction":0,"id":112198}
{"prediction":0,"id":112199}
{"prediction":0,"id":112200}
{"prediction":0,"id":112201}
{"prediction":0,"id":112202}
{"prediction":0,"id":112203}
{"prediction":0,"id":112204}
{"prediction":0,"id":112205}
{"prediction":1,"id":112206}
{"prediction":0,"id":112207}
{"prediction":1,"id":112208}
{"prediction":0,"id":112209}
{"prediction":0,"id":112210}
{"prediction":0,"id":112211}
{"prediction":0,"id":112212}
{"prediction":0,"id":112213}
{"prediction":0,"id":112214}
{"prediction":0,"id":112215}
{"prediction":0,"id":112216}
{"prediction":0,"id":112217}
{"prediction":0,"id":112218}
{"prediction":0,"id":112219}
{"prediction":0,"id":112220}
{"prediction":0,"id":112221}
{"prediction":0,"id":112222}
{"prediction":0,"id":112223}
{"prediction":0,"id":112224}
{"prediction":0,"id":112225}
{"prediction":1,"id":112226}
{"prediction":0,"id":112227}
{"prediction":0,"id":112228}
{"prediction":1,"id":112229}
{"prediction":0,"id":112230}
{"prediction":0,"id":112231}
{"prediction":0,"id":112232}
{"prediction":0,"id":112233}
{"prediction":0,"id":112234}
{"prediction":0,"id":112235}
{"prediction":0,"id":112236}
{"prediction":0,"id":112237}
{"prediction":0,"id":112238}
{"prediction":0,"id":112239}
{"prediction":0,"id":112240}
{"prediction":0,"id":112241}
{"prediction":0,"id":112242}
{"prediction":0,"id":112243}
{"prediction":0,"id":112244}
{"prediction":0,"id":112245}
{"prediction":0,"id":112246}
{"prediction":0,"id":112247}
{"prediction":0,"id":112248}
{"prediction":0,"id":112249}
{"prediction":0,"id":112250}
{"prediction":0,"id":112251}
{"prediction":0,"id":112252}
{"prediction":0,"id":112253}
{"prediction":1,"id":112254}
{"prediction":0,"id":112255}
{"prediction":0,"id":112256}
{"prediction":0,"id":112257}
{"prediction":0,"id":112258}
{"prediction":0,"id":112259}
{"prediction":0,"id":112260}
{"prediction":0,"id":112261}
{"prediction":0,"id":112262}
{"prediction":1,"id":112263}
{"prediction":0,"id":112264}
{"prediction":0,"id":112265}
{"prediction":0,"id":112266}
{"prediction":0,"id":112267}
{"prediction":0,"id":112268}
{"prediction":0,"id":112269}
{"prediction":0,"id":112270}
{"prediction":0,"id":112271}
{"prediction":1,"id":112272}
{"prediction":0,"id":112273}
{"prediction":1,"id":112274}
{"prediction":0,"id":112275}
{"prediction":0,"id":112276}
{"prediction":0,"id":112277}
{"prediction":1,"id":112278}
{"prediction":0,"id":112279}
{"prediction":0,"id":112280}
{"prediction":0,"id":112281}
{"prediction":0,"id":112282}
{"prediction":0,"id":112283}
{"prediction":0,"id":112284}
{"prediction":1,"id":112285}
{"prediction":0,"id":112286}
{"prediction":0,"id":112287}
{"prediction":0,"id":112288}
{"prediction":0,"id":112289}
{"prediction":0,"id":112290}
{"prediction":0,"id":112291}
{"prediction":0,"id":112292}
{"prediction":0,"id":112293}
{"prediction":0,"id":112294}
