{"prediction":0,"id":91487}
{"prediction":0,"id":91488}
{"prediction":0,"id":91489}
{"prediction":0,"id":91490}
{"prediction":0,"id":91491}
{"prediction":1,"id":91492}
{"prediction":0,"id":91493}
{"prediction":0,"id":91494}
{"prediction":1,"id":91495}
{"prediction":0,"id":91496}
{"prediction":0,"id":91497}
{"prediction":0,"id":91498}
{"prediction":0,"id":91499}
{"prediction":0,"id":91500}
{"prediction":0,"id":91501}
{"prediction":0,"id":91502}
{"prediction":0,"id":91503}
{"prediction":1,"id":91504}
{"prediction":0,"id":91505}
{"prediction":0,"id":91506}
{"prediction":0,"id":91507}
{"prediction":0,"id":91508}
{"prediction":0,"id":91509}
{"prediction":0,"id":91510}
{"prediction":0,"id":91511}
{"prediction":0,"id":91512}
{"prediction":0,"id":91513}
{"prediction":0,"id":91514}
{"prediction":0,"id":91515}
{"prediction":0,"id":91516}
{"prediction":0,"id":91517}
{"prediction":1,"id":91518}
{"prediction":0,"id":91519}
{"prediction":0,"id":91520}
{"prediction":0,"id":91521}
{"prediction":1,"id":91522}
{"prediction":0,"id":91523}
{"prediction":0,"id":91524}
{"prediction":0,"id":91525}
{"prediction":0,"id":91526}
{"prediction":0,"id":91527}
{"prediction":0,"id":91528}
{"prediction":0,"id":91529}
{"prediction":0,"id":91530}
{"prediction":0,"id":91531}
{"prediction":0,"id":91532}
{"prediction":0,"id":91533}
{"prediction":0,"id":91534}
{"prediction":1,"id":91535}
{"prediction":0,"id":91536}
{"prediction":0,"id":91537}
{"prediction":1,"id":91538}
{"prediction":0,"id":91539}
{"prediction":0,"id":91540}
{"prediction":1,"id":91541}
{"prediction":0,"id":91542}
{"prediction":0,"id":91543}
{"prediction":0,"id":91544}
{"prediction":0,"id":91545}
{"prediction":0,"id":91546}
{"prediction":0,"id":91547}
{"prediction":0,"id":91548}
{"prediction":0,"id":91549}
{"prediction":0,"id":91550}
{"prediction":0,"id":91551}
{"prediction":0,"id":91552}
{"prediction":0,"id":91553}
{"prediction":0,"id":91554}
{"prediction":0,"id":91555}
{"prediction":0,"id":91556}
{"prediction":1,"id":91557}
{"prediction":0,"id":91558}
{"prediction":0,"id":91559}
{"prediction":0,"id":91560}
{"prediction":0,"id":91561}
{"prediction":0,"id":91562}
{"prediction":0,"id":91563}
{"prediction":0,"id":91564}
{"prediction":0,"id":91565}
{"prediction":1,"id":91566}
{"prediction":1,"id":91567}
{"prediction":0,"id":91568}
{"prediction":1,"id":91569}
{"prediction":0,"id":91570}
{"prediction":0,"id":91571}
{"prediction":1,"id":91572}
{"prediction":0,"id":91573}
{"prediction":0,"id":91574}
{"prediction":0,"id":91575}
{"prediction":0,"id":91576}
{"prediction":0,"id":91577}
{"prediction":1,"id":91578}
{"prediction":0,"id":91579}
{"prediction":0,"id":91580}
{"prediction":1,"id":91581}
{"prediction":0,"id":91582}
{"prediction":0,"id":91583}
{"prediction":1,"id":91584}
{"prediction":0,"id":91585}
{"prediction":0,"id":91586}
{"prediction":0,"id":91587}
{"prediction":0,"id":91588}
{"prediction":0,"id":91589}
{"prediction":0,"id":91590}
{"prediction":1,"id":91591}
{"prediction":1,"id":91592}
{"prediction":0,"id":91593}
{"prediction":0,"id":91594}
{"prediction":0,"id":91595}
{"prediction":1,"id":91596}
{"prediction":0,"id":91597}
{"prediction":0,"id":91598}
{"prediction":1,"id":91599}
{"prediction":0,"id":91600}
{"prediction":0,"id":91601}
{"prediction":0,"id":91602}
{"prediction":0,"id":91603}
{"prediction":1,"id":91604}
{"prediction":0,"id":91605}
{"prediction":0,"id":91606}
{"prediction":0,"id":91607}
{"prediction":0,"id":91608}
{"prediction":0,"id":91609}
{"prediction":0,"id":91610}
{"prediction":0,"id":91611}
{"prediction":1,"id":91612}
{"prediction":0,"id":91613}
{"prediction":0,"id":91614}
{"prediction":0,"id":91615}
{"prediction":0,"id":91616}
{"prediction":1,"id":91617}
{"prediction":0,"id":91618}
{"prediction":0,"id":91619}
{"prediction":0,"id":91620}
{"prediction":0,"id":91621}
{"prediction":1,"id":91622}
{"prediction":1,"id":91623}
{"prediction":0,"id":91624}
{"prediction":0,"id":91625}
{"prediction":0,"id":91626}
{"prediction":0,"id":91627}
{"prediction":0,"id":91628}
{"prediction":0,"id":91629}
{"prediction":0,"id":91630}
{"prediction":0,"id":91631}
{"prediction":0,"id":91632}
{"prediction":0,"id":91633}
{"prediction":0,"id":91634}
{"prediction":0,"id":91635}
{"prediction":0,"id":91636}
{"prediction":1,"id":91637}
{"prediction":0,"id":91638}
{"prediction":0,"id":91639}
{"prediction":1,"id":91640}
{"prediction":0,"id":91641}
{"prediction":0,"id":91642}
{"prediction":0,"id":91643}
{"prediction":1,"id":91644}
{"prediction":0,"id":91645}
{"prediction":0,"id":91646}
{"prediction":0,"id":91647}
{"prediction":0,"id":91648}
{"prediction":0,"id":91649}
{"prediction":0,"id":91650}
{"prediction":1,"id":91651}
{"prediction":0,"id":91652}
{"prediction":0,"id":91653}
{"prediction":0,"id":91654}
{"prediction":0,"id":91655}
{"prediction":0,"id":91656}
{"prediction":0,"id":91657}
{"prediction":0,"id":91658}
{"prediction":0,"id":91659}
{"prediction":0,"id":91660}
{"prediction":0,"id":91661}
{"prediction":0,"id":91662}
{"prediction":0,"id":91663}
{"prediction":0,"id":91664}
{"prediction":0,"id":91665}
{"prediction":0,"id":91666}
{"prediction":0,"id":91667}
{"prediction":0,"id":91668}
{"prediction":0,"id":91669}
{"prediction":0,"id":91670}
{"prediction":0,"id":91671}
{"prediction":0,"id":91672}
{"prediction":0,"id":91673}
{"prediction":0,"id":91674}
{"prediction":0,"id":91675}
{"prediction":1,"id":91676}
{"prediction":0,"id":91677}
{"prediction":0,"id":91678}
{"prediction":0,"id":91679}
{"prediction":0,"id":91680}
{"prediction":0,"id":91681}
{"prediction":1,"id":91682}
{"prediction":0,"id":91683}
{"prediction":0,"id":91684}
{"prediction":0,"id":91685}
{"prediction":0,"id":91686}
{"prediction":0,"id":91687}
{"prediction":0,"id":91688}
{"prediction":0,"id":91689}
{"prediction":0,"id":91690}
{"prediction":1,"id":91691}
{"prediction":1,"id":91692}
{"prediction":0,"id":91693}
{"prediction":0,"id":91694}
{"prediction":0,"id":91695}
{"prediction":0,"id":91696}
{"prediction":0,"id":91697}
{"prediction":0,"id":91698}
{"prediction":0,"id":91699}
{"prediction":1,"id":91700}
{"prediction":1,"id":91701}
{"prediction":0,"id":91702}
{"prediction":0,"id":91703}
{"prediction":0,"id":91704}
{"prediction":0,"id":91705}
{"prediction":1,"id":91706}
{"prediction":1,"id":91707}
{"prediction":0,"id":91708}
{"prediction":0,"id":91709}
{"prediction":0,"id":91710}
{"prediction":1,"id":91711}
{"prediction":0,"id":91712}
{"prediction":1,"id":91713}
{"prediction":0,"id":91714}
{"prediction":0,"id":91715}
{"prediction":0,"id":91716}
{"prediction":0,"id":91717}
{"prediction":0,"id":91718}
{"prediction":0,"id":91719}
{"prediction":0,"id":91720}
{"prediction":1,"id":91721}
{"prediction":1,"id":91722}
{"prediction":0,"id":91723}
{"prediction":0,"id":91724}
{"prediction":0,"id":91725}
{"prediction":0,"id":91726}
{"prediction":0,"id":91727}
{"prediction":0,"id":91728}
{"prediction":0,"id":91729}
{"prediction":0,"id":91730}
{"prediction":0,"id":91731}
{"prediction":0,"id":91732}
{"prediction":1,"id":91733}
{"prediction":0,"id":91734}
{"prediction":0,"id":91735}
{"prediction":0,"id":91736}
{"prediction":0,"id":91737}
{"prediction":0,"id":91738}
{"prediction":0,"id":91739}
{"prediction":0,"id":91740}
{"prediction":0,"id":91741}
{"prediction":0,"id":91742}
{"prediction":0,"id":91743}
{"prediction":0,"id":91744}
{"prediction":0,"id":91745}
{"prediction":0,"id":91746}
{"prediction":0,"id":91747}
{"prediction":0,"id":91748}
{"prediction":0,"id":91749}
{"prediction":0,"id":91750}
{"prediction":0,"id":91751}
{"prediction":1,"id":91752}
{"prediction":0,"id":91753}
{"prediction":0,"id":91754}
{"prediction":0,"id":91755}
{"prediction":0,"id":91756}
{"prediction":0,"id":91757}
{"prediction":0,"id":91758}
{"prediction":0,"id":91759}
{"prediction":1,"id":91760}
{"prediction":0,"id":91761}
{"prediction":0,"id":91762}
{"prediction":0,"id":91763}
{"prediction":0,"id":91764}
{"prediction":0,"id":91765}
{"prediction":0,"id":91766}
{"prediction":0,"id":91767}
{"prediction":0,"id":91768}
{"prediction":0,"id":91769}
{"prediction":1,"id":91770}
{"prediction":0,"id":91771}
{"prediction":1,"id":91772}
{"prediction":0,"id":91773}
{"prediction":0,"id":91774}
{"prediction":1,"id":91775}
{"prediction":0,"id":91776}
{"prediction":0,"id":91777}
{"prediction":0,"id":91778}
{"prediction":0,"id":91779}
{"prediction":1,"id":91780}
{"prediction":0,"id":91781}
{"prediction":0,"id":91782}
{"prediction":1,"id":91783}
{"prediction":0,"id":91784}
{"prediction":0,"id":91785}
{"prediction":0,"id":91786}
{"prediction":0,"id":91787}
{"prediction":0,"id":91788}
{"prediction":1,"id":91789}
{"prediction":0,"id":91790}
{"prediction":0,"id":91791}
{"prediction":0,"id":91792}
{"prediction":0,"id":91793}
{"prediction":0,"id":91794}
{"prediction":0,"id":91795}
{"prediction":0,"id":91796}
{"prediction":0,"id":91797}
{"prediction":0,"id":91798}
{"prediction":0,"id":91799}
{"prediction":0,"id":91800}
{"prediction":0,"id":91801}
{"prediction":1,"id":91802}
{"prediction":0,"id":91803}
{"prediction":0,"id":91804}
{"prediction":0,"id":91805}
{"prediction":0,"id":91806}
{"prediction":1,"id":91807}
{"prediction":0,"id":91808}
{"prediction":0,"id":91809}
{"prediction":1,"id":91810}
{"prediction":0,"id":91811}
{"prediction":0,"id":91812}
{"prediction":0,"id":91813}
{"prediction":0,"id":91814}
{"prediction":0,"id":91815}
{"prediction":1,"id":91816}
{"prediction":0,"id":91817}
{"prediction":0,"id":91818}
{"prediction":0,"id":91819}
{"prediction":1,"id":91820}
{"prediction":0,"id":91821}
{"prediction":0,"id":91822}
{"prediction":0,"id":91823}
{"prediction":1,"id":91824}
{"prediction":0,"id":91825}
{"prediction":1,"id":91826}
{"prediction":0,"id":91827}
{"prediction":0,"id":91828}
{"prediction":0,"id":91829}
{"prediction":0,"id":91830}
{"prediction":0,"id":91831}
{"prediction":0,"id":91832}
{"prediction":0,"id":91833}
{"prediction":0,"id":91834}
{"prediction":0,"id":91835}
{"prediction":0,"id":91836}
{"prediction":0,"id":91837}
{"prediction":0,"id":91838}
{"prediction":0,"id":91839}
{"prediction":0,"id":91840}
{"prediction":0,"id":91841}
{"prediction":1,"id":91842}
{"prediction":0,"id":91843}
{"prediction":0,"id":91844}
{"prediction":0,"id":91845}
{"prediction":0,"id":91846}
{"prediction":1,"id":91847}
{"prediction":0,"id":91848}
{"prediction":0,"id":91849}
{"prediction":0,"id":91850}
{"prediction":0,"id":91851}
{"prediction":0,"id":91852}
{"prediction":0,"id":91853}
{"prediction":0,"id":91854}
{"prediction":0,"id":91855}
{"prediction":0,"id":91856}
{"prediction":0,"id":91857}
{"prediction":0,"id":91858}
