{"prediction":0,"id":150000}
{"prediction":0,"id":150001}
{"prediction":0,"id":150002}
{"prediction":0,"id":150003}
{"prediction":0,"id":150004}
{"prediction":0,"id":150005}
{"prediction":0,"id":150006}
{"prediction":0,"id":150007}
{"prediction":0,"id":150008}
{"prediction":0,"id":150009}
{"prediction":1,"id":150010}
{"prediction":0,"id":150011}
{"prediction":0,"id":150012}
{"prediction":0,"id":150013}
{"prediction":0,"id":150014}
{"prediction":1,"id":150015}
{"prediction":1,"id":150016}
{"prediction":0,"id":150017}
{"prediction":0,"id":150018}
{"prediction":0,"id":150019}
{"prediction":0,"id":150020}
{"prediction":1,"id":150021}
{"prediction":0,"id":150022}
{"prediction":0,"id":150023}
{"prediction":0,"id":150024}
{"prediction":0,"id":150025}
{"prediction":0,"id":150026}
{"prediction":0,"id":150027}
{"prediction":0,"id":150028}
{"prediction":0,"id":150029}
{"prediction":0,"id":150030}
{"prediction":0,"id":150031}
{"prediction":0,"id":150032}
{"prediction":0,"id":150033}
{"prediction":0,"id":150034}
{"prediction":0,"id":150035}
{"prediction":0,"id":150036}
{"prediction":0,"id":150037}
{"prediction":0,"id":150038}
{"prediction":0,"id":150039}
{"prediction":0,"id":150040}
{"prediction":1,"id":150041}
{"prediction":0,"id":150042}
{"prediction":0,"id":150043}
{"prediction":0,"id":150044}
{"prediction":1,"id":150045}
{"prediction":0,"id":150046}
{"prediction":0,"id":150047}
{"prediction":1,"id":150048}
{"prediction":0,"id":150049}
{"prediction":0,"id":150050}
{"prediction":0,"id":150051}
{"prediction":0,"id":150052}
{"prediction":0,"id":150053}
{"prediction":1,"id":150054}
{"prediction":0,"id":150055}
{"prediction":0,"id":150056}
{"prediction":1,"id":150057}
{"prediction":0,"id":150058}
{"prediction":0,"id":150059}
{"prediction":0,"id":150060}
{"prediction":0,"id":150061}
{"prediction":0,"id":150062}
{"prediction":0,"id":150063}
{"prediction":0,"id":150064}
{"prediction":1,"id":150065}
{"prediction":0,"id":150066}
{"prediction":0,"id":150067}
{"prediction":0,"id":150068}
{"prediction":1,"id":150069}
{"prediction":0,"id":150070}
{"prediction":1,"id":150071}
{"prediction":0,"id":150072}
{"prediction":0,"id":150073}
{"prediction":0,"id":150074}
{"prediction":0,"id":150075}
{"prediction":0,"id":150076}
{"prediction":0,"id":150077}
{"prediction":0,"id":150078}
{"prediction":0,"id":150079}
{"prediction":0,"id":150080}
{"prediction":0,"id":150081}
{"prediction":0,"id":150082}
{"prediction":0,"id":150083}
{"prediction":0,"id":150084}
{"prediction":0,"id":150085}
{"prediction":1,"id":150086}
{"prediction":0,"id":150087}
{"prediction":0,"id":150088}
{"prediction":0,"id":150089}
{"prediction":0,"id":150090}
{"prediction":1,"id":150091}
{"prediction":1,"id":150092}
{"prediction":1,"id":150093}
{"prediction":0,"id":150094}
{"prediction":0,"id":150095}
{"prediction":0,"id":150096}
{"prediction":0,"id":150097}
{"prediction":0,"id":150098}
{"prediction":0,"id":150099}
{"prediction":0,"id":150100}
{"prediction":0,"id":150101}
{"prediction":0,"id":150102}
{"prediction":0,"id":150103}
{"prediction":0,"id":150104}
{"prediction":1,"id":150105}
{"prediction":0,"id":150106}
{"prediction":0,"id":150107}
{"prediction":0,"id":150108}
{"prediction":0,"id":150109}
{"prediction":0,"id":150110}
{"prediction":0,"id":150111}
{"prediction":0,"id":150112}
{"prediction":0,"id":150113}
{"prediction":0,"id":150114}
{"prediction":0,"id":150115}
{"prediction":0,"id":150116}
{"prediction":0,"id":150117}
{"prediction":0,"id":150118}
{"prediction":0,"id":150119}
{"prediction":0,"id":150120}
{"prediction":0,"id":150121}
{"prediction":0,"id":150122}
{"prediction":0,"id":150123}
{"prediction":0,"id":150124}
{"prediction":0,"id":150125}
{"prediction":0,"id":150126}
{"prediction":0,"id":150127}
{"prediction":0,"id":150128}
{"prediction":0,"id":150129}
{"prediction":0,"id":150130}
{"prediction":0,"id":150131}
{"prediction":0,"id":150132}
{"prediction":0,"id":150133}
{"prediction":0,"id":150134}
{"prediction":0,"id":150135}
{"prediction":0,"id":150136}
{"prediction":0,"id":150137}
{"prediction":0,"id":150138}
{"prediction":1,"id":150139}
{"prediction":1,"id":150140}
{"prediction":0,"id":150141}
{"prediction":0,"id":150142}
{"prediction":0,"id":150143}
{"prediction":0,"id":150144}
{"prediction":0,"id":150145}
{"prediction":1,"id":150146}
{"prediction":0,"id":150147}
{"prediction":0,"id":150148}
{"prediction":1,"id":150149}
{"prediction":0,"id":150150}
{"prediction":0,"id":150151}
{"prediction":0,"id":150152}
{"prediction":0,"id":150153}
{"prediction":0,"id":150154}
{"prediction":0,"id":150155}
{"prediction":0,"id":150156}
{"prediction":0,"id":150157}
{"prediction":1,"id":150158}
{"prediction":1,"id":150159}
{"prediction":0,"id":150160}
{"prediction":0,"id":150161}
{"prediction":0,"id":150162}
{"prediction":0,"id":150163}
{"prediction":0,"id":150164}
{"prediction":0,"id":150165}
{"prediction":0,"id":150166}
{"prediction":0,"id":150167}
{"prediction":0,"id":150168}
{"prediction":0,"id":150169}
{"prediction":0,"id":150170}
{"prediction":0,"id":150171}
{"prediction":0,"id":150172}
{"prediction":0,"id":150173}
{"prediction":0,"id":150174}
{"prediction":0,"id":150175}
{"prediction":0,"id":150176}
{"prediction":0,"id":150177}
{"prediction":0,"id":150178}
{"prediction":0,"id":150179}
{"prediction":0,"id":150180}
{"prediction":0,"id":150181}
{"prediction":0,"id":150182}
{"prediction":0,"id":150183}
{"prediction":0,"id":150184}
{"prediction":0,"id":150185}
{"prediction":0,"id":150186}
{"prediction":0,"id":150187}
{"prediction":0,"id":150188}
{"prediction":0,"id":150189}
{"prediction":0,"id":150190}
{"prediction":0,"id":150191}
{"prediction":0,"id":150192}
{"prediction":0,"id":150193}
{"prediction":0,"id":150194}
{"prediction":0,"id":150195}
{"prediction":0,"id":150196}
{"prediction":0,"id":150197}
{"prediction":0,"id":150198}
{"prediction":1,"id":150199}
{"prediction":0,"id":150200}
{"prediction":0,"id":150201}
{"prediction":0,"id":150202}
{"prediction":0,"id":150203}
{"prediction":0,"id":150204}
{"prediction":0,"id":150205}
{"prediction":0,"id":150206}
{"prediction":0,"id":150207}
{"prediction":0,"id":150208}
{"prediction":0,"id":150209}
{"prediction":1,"id":150210}
{"prediction":0,"id":150211}
{"prediction":0,"id":150212}
{"prediction":0,"id":150213}
{"prediction":0,"id":150214}
{"prediction":0,"id":150215}
{"prediction":0,"id":150216}
{"prediction":0,"id":150217}
{"prediction":0,"id":150218}
{"prediction":0,"id":150219}
{"prediction":1,"id":150220}
{"prediction":0,"id":150221}
{"prediction":0,"id":150222}
{"prediction":1,"id":150223}
{"prediction":0,"id":150224}
{"prediction":0,"id":150225}
{"prediction":0,"id":150226}
{"prediction":0,"id":150227}
{"prediction":1,"id":150228}
{"prediction":0,"id":150229}
{"prediction":0,"id":150230}
{"prediction":0,"id":150231}
{"prediction":0,"id":150232}
{"prediction":1,"id":150233}
{"prediction":0,"id":150234}
{"prediction":0,"id":150235}
{"prediction":0,"id":150236}
{"prediction":1,"id":150237}
{"prediction":0,"id":150238}
{"prediction":0,"id":150239}
{"prediction":0,"id":150240}
{"prediction":0,"id":150241}
{"prediction":1,"id":150242}
{"prediction":0,"id":150243}
{"prediction":0,"id":150244}
{"prediction":0,"id":150245}
{"prediction":0,"id":150246}
{"prediction":0,"id":150247}
{"prediction":0,"id":150248}
{"prediction":0,"id":150249}
{"prediction":0,"id":150250}
{"prediction":0,"id":150251}
{"prediction":0,"id":150252}
{"prediction":0,"id":150253}
{"prediction":1,"id":150254}
{"prediction":0,"id":150255}
{"prediction":0,"id":150256}
{"prediction":0,"id":150257}
{"prediction":0,"id":150258}
{"prediction":0,"id":150259}
{"prediction":0,"id":150260}
{"prediction":0,"id":150261}
{"prediction":0,"id":150262}
{"prediction":0,"id":150263}
{"prediction":0,"id":150264}
{"prediction":0,"id":150265}
{"prediction":0,"id":150266}
{"prediction":0,"id":150267}
