{"id":64573,"prediction":0}
{"id":81433,"prediction":0}
{"id":74797,"prediction":0}
{"id":75687,"prediction":0}
{"id":81126,"prediction":0}
{"id":78980,"prediction":0}
{"id":85404,"prediction":0}
{"id":71381,"prediction":0}
{"id":83913,"prediction":0}
{"id":84688,"prediction":0}
{"id":64109,"prediction":0}
{"id":82451,"prediction":1}
{"id":83909,"prediction":0}
{"id":79532,"prediction":0}
{"id":72351,"prediction":0}
{"id":77711,"prediction":0}
{"id":81513,"prediction":0}
{"id":66056,"prediction":0}
{"id":65609,"prediction":0}
{"id":62415,"prediction":0}
{"id":82964,"prediction":0}
{"id":63355,"prediction":0}
{"id":80290,"prediction":0}
{"id":76048,"prediction":0}
{"id":84257,"prediction":1}
{"id":63279,"prediction":0}
{"id":70536,"prediction":0}
{"id":60660,"prediction":0}
{"id":69811,"prediction":0}
{"id":60711,"prediction":0}
{"id":60803,"prediction":0}
{"id":64793,"prediction":0}
{"id":68326,"prediction":0}
{"id":70628,"prediction":1}
{"id":84995,"prediction":0}
{"id":65487,"prediction":0}
{"id":72507,"prediction":0}
{"id":63867,"prediction":0}
{"id":71445,"prediction":0}
{"id":66849,"prediction":0}
{"id":67319,"prediction":0}
{"id":61794,"prediction":0}
{"id":84325,"prediction":0}
{"id":73345,"prediction":0}
{"id":84275,"prediction":1}
{"id":80018,"prediction":0}
{"id":73327,"prediction":0}
{"id":72648,"prediction":0}
{"id":82808,"prediction":0}
{"id":74222,"prediction":0}
{"id":65737,"prediction":0}
{"id":72580,"prediction":0}
{"id":65870,"prediction":1}
{"id":70965,"prediction":0}
{"id":74840,"prediction":0}
{"id":69783,"prediction":0}
{"id":65111,"prediction":1}
{"id":66983,"prediction":0}
{"id":81518,"prediction":0}
{"id":66687,"prediction":0}
{"id":75654,"prediction":0}
{"id":74382,"prediction":0}
{"id":63241,"prediction":1}
{"id":77929,"prediction":0}
{"id":84869,"prediction":0}
{"id":71763,"prediction":0}
{"id":83470,"prediction":0}
{"id":62445,"prediction":0}
{"id":70599,"prediction":0}
{"id":65625,"prediction":0}
{"id":77404,"prediction":0}
{"id":62183,"prediction":0}
{"id":60805,"prediction":0}
{"id":68325,"prediction":0}
{"id":82396,"prediction":0}
{"id":74033,"prediction":0}
{"id":80660,"prediction":0}
{"id":73825,"prediction":0}
{"id":76055,"prediction":0}
{"id":76558,"prediction":0}
{"id":78716,"prediction":1}
{"id":69441,"prediction":0}
{"id":81688,"prediction":0}
{"id":70680,"prediction":0}
{"id":65622,"prediction":0}
{"id":62154,"prediction":0}
{"id":66970,"prediction":0}
{"id":81339,"prediction":0}
{"id":84409,"prediction":0}
{"id":76906,"prediction":0}
{"id":83181,"prediction":0}
{"id":68338,"prediction":0}
{"id":77575,"prediction":0}
{"id":83936,"prediction":0}
{"id":78399,"prediction":1}
{"id":60065,"prediction":0}
{"id":79931,"prediction":1}
{"id":84846,"prediction":0}
{"id":76025,"prediction":0}
{"id":73635,"prediction":0}
{"id":74135,"prediction":0}
{"id":61571,"prediction":0}
{"id":79577,"prediction":0}
{"id":76833,"prediction":0}
{"id":80790,"prediction":1}
{"id":63660,"prediction":0}
{"id":84059,"prediction":0}
{"id":70433,"prediction":0}
{"id":62938,"prediction":0}
{"id":66943,"prediction":0}
{"id":71816,"prediction":0}
{"id":72322,"prediction":0}
{"id":60116,"prediction":0}
{"id":65927,"prediction":0}
{"id":62157,"prediction":0}
{"id":81867,"prediction":0}
{"id":66831,"prediction":1}
{"id":67429,"prediction":0}
{"id":70050,"prediction":0}
{"id":79218,"prediction":0}
{"id":81921,"prediction":0}
{"id":77707,"prediction":0}
{"id":64231,"prediction":0}
{"id":77745,"prediction":0}
{"id":60145,"prediction":0}
{"id":75389,"prediction":1}
{"id":68964,"prediction":0}
{"id":85508,"prediction":0}
{"id":61647,"prediction":0}
{"id":77825,"prediction":0}
{"id":70977,"prediction":0}
{"id":79764,"prediction":0}
{"id":80159,"prediction":0}
{"id":79437,"prediction":0}
{"id":84343,"prediction":1}
{"id":77284,"prediction":0}
{"id":83403,"prediction":0}
{"id":73060,"prediction":1}
{"id":76350,"prediction":0}
{"id":65316,"prediction":0}
{"id":67671,"prediction":0}
{"id":77534,"prediction":0}
{"id":70247,"prediction":0}
{"id":83531,"prediction":0}
{"id":80184,"prediction":1}
{"id":67210,"prediction":0}
{"id":62732,"prediction":1}
{"id":85516,"prediction":0}
{"id":60348,"prediction":0}
{"id":85043,"prediction":0}
{"id":73328,"prediction":0}
{"id":77762,"prediction":0}
{"id":68309,"prediction":0}
{"id":77983,"prediction":0}
{"id":80559,"prediction":0}
{"id":68462,"prediction":0}
{"id":60347,"prediction":0}
{"id":75485,"prediction":1}
{"id":62305,"prediction":0}
{"id":65129,"prediction":0}
{"id":83505,"prediction":0}
{"id":73288,"prediction":0}
{"id":74768,"prediction":0}
{"id":85423,"prediction":0}
{"id":61939,"prediction":0}
{"id":66057,"prediction":0}
{"id":71062,"prediction":0}
{"id":69907,"prediction":0}
{"id":70627,"prediction":0}
{"id":83833,"prediction":0}
{"id":77661,"prediction":0}
{"id":83128,"prediction":0}
{"id":62618,"prediction":0}
{"id":72187,"prediction":0}
{"id":75709,"prediction":0}
{"id":72194,"prediction":0}
{"id":85199,"prediction":0}
{"id":70971,"prediction":0}
{"id":76107,"prediction":0}
{"id":77747,"prediction":0}
{"id":84424,"prediction":0}
{"id":70182,"prediction":0}
{"id":75809,"prediction":0}
{"id":63507,"prediction":0}
{"id":84982,"prediction":0}
{"id":66405,"prediction":0}
{"id":66516,"prediction":0}
{"id":67874,"prediction":0}
{"id":64470,"prediction":1}
{"id":67954,"prediction":0}
{"id":73641,"prediction":0}
{"id":67564,"prediction":0}
{"id":61226,"prediction":0}
{"id":78598,"prediction":0}
{"id":75013,"prediction":0}
{"id":65444,"prediction":0}
{"id":63123,"prediction":0}
{"id":62289,"prediction":0}
{"id":77131,"prediction":1}
{"id":82630,"prediction":0}
{"id":68645,"prediction":0}
{"id":71762,"prediction":0}
{"id":69940,"prediction":0}
{"id":81120,"prediction":1}
{"id":77279,"prediction":0}
{"id":73013,"prediction":1}
{"id":68884,"prediction":0}
{"id":75596,"prediction":0}
{"id":72718,"prediction":0}
{"id":71155,"prediction":0}
{"id":61088,"prediction":0}
{"id":69917,"prediction":1}
{"id":81284,"prediction":0}
{"id":65274,"prediction":0}
{"id":66686,"prediction":0}
{"id":66048,"prediction":0}
{"id":70649,"prediction":0}
{"id":83133,"prediction":0}
{"id":65375,"prediction":0}
{"id":63844,"prediction":0}
{"id":66563,"prediction":0}
{"id":67207,"prediction":0}
{"id":63538,"prediction":1}
{"id":69571,"prediction":0}
{"id":77094,"prediction":0}
{"id":80234,"prediction":0}
{"id":65805,"prediction":0}
{"id":67089,"prediction":0}
{"id":72705,"prediction":0}
{"id":65065,"prediction":0}
{"id":68493,"prediction":0}
{"id":69202,"prediction":0}
{"id":83706,"prediction":0}
{"id":74025,"prediction":0}
{"id":81578,"prediction":0}
{"id":72923,"prediction":0}
{"id":71784,"prediction":0}
{"id":60151,"prediction":0}
{"id":80604,"prediction":0}
{"id":77381,"prediction":0}
{"id":70324,"prediction":1}
{"id":85636,"prediction":0}
{"id":75037,"prediction":0}
{"id":68112,"prediction":0}
{"id":68997,"prediction":0}
{"id":65760,"prediction":0}
{"id":62278,"prediction":0}
{"id":72037,"prediction":1}
{"id":75653,"prediction":1}
{"id":78037,"prediction":0}
{"id":83908,"prediction":0}
{"id":71112,"prediction":0}
{"id":67191,"prediction":0}
{"id":84864,"prediction":0}
{"id":72819,"prediction":0}
{"id":74438,"prediction":0}
{"id":60655,"prediction":0}
{"id":75199,"prediction":0}
{"id":72097,"prediction":1}
{"id":76596,"prediction":0}
{"id":83535,"prediction":0}
{"id":74042,"prediction":0}
{"id":81251,"prediction":0}
{"id":76964,"prediction":0}
{"id":61440,"prediction":0}
{"id":61537,"prediction":0}
{"id":60053,"prediction":0}
{"id":66930,"prediction":0}
{"id":67500,"prediction":0}
{"id":62744,"prediction":0}
{"id":68855,"prediction":0}
{"id":62282,"prediction":0}
{"id":67070,"prediction":0}
{"id":82579,"prediction":0}
{"id":81440,"prediction":0}
{"id":82015,"prediction":0}
{"id":67105,"prediction":0}
{"id":66076,"prediction":0}
{"id":68362,"prediction":0}
{"id":85623,"prediction":0}
{"id":79438,"prediction":0}
{"id":72495,"prediction":0}
{"id":75415,"prediction":0}
{"id":64490,"prediction":0}
{"id":68561,"prediction":0}
{"id":68464,"prediction":0}
{"id":85212,"prediction":0}
{"id":79022,"prediction":1}
{"id":79446,"prediction":1}
{"id":69867,"prediction":0}
{"id":73053,"prediction":0}
{"id":60596,"prediction":0}
{"id":81294,"prediction":0}
{"id":80674,"prediction":1}
{"id":64840,"prediction":0}
{"id":80238,"prediction":1}
{"id":81456,"prediction":0}
{"id":85534,"prediction":0}
{"id":78365,"prediction":0}
{"id":70127,"prediction":0}
{"id":66338,"prediction":0}
{"id":69226,"prediction":0}
{"id":66737,"prediction":0}
{"id":78252,"prediction":0}
{"id":81615,"prediction":0}
{"id":68755,"prediction":0}
{"id":77677,"prediction":0}
{"id":63167,"prediction":0}
{"id":72880,"prediction":0}
{"id":83856,"prediction":0}
{"id":70692,"prediction":0}
{"id":81619,"prediction":0}
{"id":61438,"prediction":1}
{"id":78873,"prediction":0}
{"id":69684,"prediction":1}
{"id":71834,"prediction":0}
{"id":62098,"prediction":0}
{"id":73477,"prediction":0}
{"id":67148,"prediction":0}
{"id":77027,"prediction":0}
{"id":79004,"prediction":0}
{"id":70938,"prediction":0}
{"id":71765,"prediction":1}
{"id":74343,"prediction":0}
{"id":84449,"prediction":1}
{"id":82238,"prediction":0}
{"id":73179,"prediction":0}
{"id":80948,"prediction":0}
{"id":84364,"prediction":1}
{"id":61242,"prediction":0}
{"id":85195,"prediction":0}
{"id":66625,"prediction":0}
{"id":72164,"prediction":1}
{"id":63312,"prediction":0}
{"id":67380,"prediction":0}
{"id":79564,"prediction":0}
{"id":63141,"prediction":1}
{"id":85647,"prediction":0}
{"id":78428,"prediction":0}
{"id":84933,"prediction":0}
{"id":85027,"prediction":1}
{"id":70454,"prediction":0}
{"id":80958,"prediction":0}
{"id":76547,"prediction":0}
{"id":82427,"prediction":0}
{"id":81399,"prediction":0}
{"id":67758,"prediction":0}
{"id":65039,"prediction":0}
{"id":74263,"prediction":0}
{"id":69831,"prediction":0}
{"id":69500,"prediction":0}
{"id":80547,"prediction":0}
{"id":76516,"prediction":0}
{"id":77206,"prediction":0}
{"id":81883,"prediction":1}
{"id":70122,"prediction":1}
{"id":81930,"prediction":0}
{"id":71074,"prediction":0}
{"id":82500,"prediction":0}
{"id":70650,"prediction":0}
{"id":85344,"prediction":0}
{"id":62197,"prediction":0}
{"id":80049,"prediction":0}
{"id":64216,"prediction":0}
{"id":64675,"prediction":1}
{"id":66147,"prediction":0}
{"id":84156,"prediction":0}
{"id":66806,"prediction":0}
{"id":67498,"prediction":0}
{"id":85000,"prediction":0}
{"id":80856,"prediction":0}
{"id":76200,"prediction":0}
{"id":71586,"prediction":0}
{"id":69501,"prediction":0}
{"id":67165,"prediction":0}
{"id":76871,"prediction":1}
{"id":61879,"prediction":1}
{"id":82035,"prediction":0}
{"id":84567,"prediction":1}
{"id":77958,"prediction":0}
{"id":75270,"prediction":0}
{"id":83687,"prediction":0}
{"id":82021,"prediction":0}
{"id":62113,"prediction":0}
{"id":82044,"prediction":0}
{"id":80888,"prediction":0}
{"id":82194,"prediction":0}
{"id":84404,"prediction":0}
{"id":68138,"prediction":0}
{"id":67871,"prediction":0}
{"id":61893,"prediction":0}
{"id":81844,"prediction":0}
{"id":60930,"prediction":0}
{"id":78543,"prediction":0}
{"id":76181,"prediction":0}
{"id":65104,"prediction":0}
{"id":67450,"prediction":0}
{"id":60336,"prediction":0}
{"id":71602,"prediction":0}
{"id":65509,"prediction":0}
{"id":80632,"prediction":0}
{"id":72613,"prediction":1}
{"id":66221,"prediction":0}
{"id":80776,"prediction":0}
{"id":69639,"prediction":0}
{"id":68115,"prediction":0}
{"id":73206,"prediction":0}
{"id":70736,"prediction":0}
{"id":62355,"prediction":0}
{"id":84376,"prediction":1}
{"id":81718,"prediction":0}
{"id":70928,"prediction":0}
{"id":63444,"prediction":1}
{"id":70354,"prediction":0}
{"id":63755,"prediction":0}
{"id":75114,"prediction":0}
{"id":67339,"prediction":0}
{"id":64285,"prediction":0}
{"id":85428,"prediction":1}
{"id":80619,"prediction":0}
{"id":82948,"prediction":0}
{"id":83023,"prediction":0}
{"id":79898,"prediction":0}
{"id":60025,"prediction":0}
{"id":66754,"prediction":0}
{"id":79222,"prediction":0}
{"id":85048,"prediction":0}
{"id":60982,"prediction":0}
{"id":80719,"prediction":0}
{"id":79255,"prediction":0}
{"id":78227,"prediction":0}
{"id":69720,"prediction":0}
{"id":72754,"prediction":0}
{"id":61673,"prediction":0}
{"id":69816,"prediction":0}
{"id":82585,"prediction":0}
{"id":71940,"prediction":0}
{"id":62108,"prediction":0}
{"id":62124,"prediction":0}
{"id":69719,"prediction":1}
{"id":66561,"prediction":1}
{"id":63234,"prediction":0}
{"id":83013,"prediction":0}
{"id":82167,"prediction":0}
{"id":69299,"prediction":0}
{"id":77763,"prediction":0}
{"id":65202,"prediction":0}
{"id":79407,"prediction":0}
{"id":71435,"prediction":0}
{"id":76490,"prediction":0}
{"id":69253,"prediction":0}
{"id":67496,"prediction":0}
{"id":83956,"prediction":0}
{"id":79327,"prediction":1}
{"id":68459,"prediction":1}
{"id":70307,"prediction":0}
{"id":82919,"prediction":0}
{"id":80283,"prediction":0}
{"id":84288,"prediction":0}
{"id":73434,"prediction":0}
{"id":63327,"prediction":1}
{"id":66375,"prediction":0}
{"id":62252,"prediction":0}
{"id":82239,"prediction":0}
{"id":81426,"prediction":0}
{"id":60109,"prediction":0}
{"id":83786,"prediction":0}
{"id":68898,"prediction":0}
{"id":82331,"prediction":0}
{"id":61870,"prediction":0}
{"id":69997,"prediction":0}
{"id":79730,"prediction":0}
{"id":60210,"prediction":1}
{"id":62811,"prediction":0}
{"id":72566,"prediction":0}
{"id":70133,"prediction":0}
{"id":85092,"prediction":0}
{"id":73809,"prediction":0}
{"id":66588,"prediction":1}
{"id":69405,"prediction":0}
{"id":77855,"prediction":0}
{"id":79737,"prediction":0}
{"id":73536,"prediction":0}
{"id":70818,"prediction":0}
{"id":82290,"prediction":0}
{"id":67299,"prediction":1}
{"id":83212,"prediction":0}
{"id":76249,"prediction":0}
{"id":83355,"prediction":0}
{"id":82788,"prediction":0}
{"id":72267,"prediction":0}
{"id":67212,"prediction":0}
{"id":79198,"prediction":0}
{"id":85130,"prediction":0}
{"id":76749,"prediction":0}
{"id":72168,"prediction":0}
{"id":83153,"prediction":0}
{"id":71942,"prediction":0}
{"id":66384,"prediction":0}
{"id":72832,"prediction":0}
{"id":76524,"prediction":0}
{"id":65898,"prediction":1}
{"id":64898,"prediction":0}
{"id":73554,"prediction":0}
{"id":63320,"prediction":0}
{"id":63351,"prediction":0}
{"id":60505,"prediction":0}
{"id":77967,"prediction":0}
{"id":64114,"prediction":0}
{"id":62917,"prediction":0}
{"id":60772,"prediction":0}
{"id":63617,"prediction":0}
{"id":84375,"prediction":0}
{"id":66173,"prediction":0}
{"id":84945,"prediction":1}
{"id":75548,"prediction":0}
{"id":63733,"prediction":0}
{"id":64681,"prediction":0}
{"id":74532,"prediction":0}
{"id":74206,"prediction":0}
{"id":74126,"prediction":1}
{"id":82022,"prediction":0}
{"id":81747,"prediction":0}
{"id":66165,"prediction":0}
{"id":72836,"prediction":0}
{"id":81716,"prediction":0}
{"id":63890,"prediction":0}
{"id":82591,"prediction":0}
{"id":79805,"prediction":0}
{"id":83479,"prediction":0}
{"id":70782,"prediction":0}
{"id":63118,"prediction":0}
{"id":72019,"prediction":0}
{"id":85108,"prediction":0}
{"id":77372,"prediction":0}
{"id":77783,"prediction":0}
{"id":83765,"prediction":0}
{"id":60212,"prediction":1}
{"id":77927,"prediction":0}
{"id":70267,"prediction":0}
{"id":77466,"prediction":1}
{"id":77132,"prediction":0}
{"id":83583,"prediction":0}
{"id":75953,"prediction":0}
{"id":76438,"prediction":0}
{"id":81701,"prediction":0}
{"id":85515,"prediction":0}
{"id":67652,"prediction":0}
{"id":73183,"prediction":0}
{"id":64605,"prediction":0}
{"id":80851,"prediction":0}
{"id":61581,"prediction":0}
{"id":71564,"prediction":1}
{"id":71638,"prediction":0}
{"id":80398,"prediction":0}
{"id":60077,"prediction":0}
{"id":85656,"prediction":0}
{"id":60164,"prediction":0}
{"id":71914,"prediction":0}
{"id":62866,"prediction":0}
{"id":77741,"prediction":0}
{"id":78595,"prediction":1}
{"id":67454,"prediction":0}
{"id":67166,"prediction":0}
{"id":76436,"prediction":0}
{"id":77486,"prediction":0}
{"id":80167,"prediction":1}
{"id":75156,"prediction":0}
{"id":67047,"prediction":1}
{"id":72979,"prediction":0}
{"id":63652,"prediction":1}
{"id":74060,"prediction":1}
{"id":67468,"prediction":0}
{"id":80511,"prediction":0}
{"id":84476,"prediction":0}
{"id":64663,"prediction":0}
{"id":63815,"prediction":0}
{"id":84001,"prediction":0}
{"id":80014,"prediction":0}
{"id":65717,"prediction":0}
{"id":73070,"prediction":0}
{"id":84554,"prediction":0}
{"id":60013,"prediction":1}
{"id":70959,"prediction":0}
{"id":69896,"prediction":0}
{"id":64346,"prediction":0}
{"id":79490,"prediction":0}
{"id":76002,"prediction":1}
{"id":76092,"prediction":0}
{"id":81366,"prediction":0}
{"id":72932,"prediction":0}
{"id":67387,"prediction":0}
{"id":73693,"prediction":0}
{"id":61148,"prediction":0}
{"id":67054,"prediction":0}
{"id":69833,"prediction":0}
{"id":78194,"prediction":0}
{"id":65723,"prediction":0}
{"id":61859,"prediction":0}
{"id":81558,"prediction":0}
{"id":62597,"prediction":0}
{"id":68953,"prediction":1}
{"id":69701,"prediction":0}
{"id":74756,"prediction":0}
{"id":75127,"prediction":0}
{"id":84898,"prediction":0}
{"id":79888,"prediction":0}
{"id":85507,"prediction":0}
{"id":68144,"prediction":0}
{"id":82545,"prediction":0}
{"id":61486,"prediction":1}
{"id":82236,"prediction":0}
{"id":65021,"prediction":0}
{"id":78146,"prediction":0}
{"id":64013,"prediction":0}
{"id":61423,"prediction":0}
{"id":66458,"prediction":0}
{"id":71020,"prediction":0}
{"id":63451,"prediction":0}
{"id":60521,"prediction":0}
{"id":70129,"prediction":0}
{"id":79819,"prediction":0}
{"id":79356,"prediction":0}
{"id":70356,"prediction":0}
{"id":77589,"prediction":0}
{"id":69685,"prediction":0}
{"id":82146,"prediction":0}
{"id":82517,"prediction":0}
{"id":64313,"prediction":0}
{"id":68672,"prediction":0}
{"id":71903,"prediction":0}
{"id":71555,"prediction":1}
{"id":79533,"prediction":0}
{"id":81626,"prediction":0}
{"id":61831,"prediction":0}
{"id":82844,"prediction":0}
{"id":66677,"prediction":0}
{"id":74986,"prediction":0}
{"id":70871,"prediction":0}
{"id":70099,"prediction":0}
{"id":84830,"prediction":0}
{"id":64498,"prediction":0}
{"id":83910,"prediction":0}
{"id":83324,"prediction":0}
{"id":81968,"prediction":1}
{"id":63794,"prediction":0}
{"id":84243,"prediction":0}
{"id":74916,"prediction":0}
{"id":80986,"prediction":0}
{"id":63254,"prediction":0}
{"id":72948,"prediction":0}
{"id":75357,"prediction":0}
{"id":81080,"prediction":0}
{"id":64773,"prediction":0}
{"id":68781,"prediction":0}
{"id":75731,"prediction":0}
{"id":80138,"prediction":0}
{"id":79227,"prediction":0}
{"id":83316,"prediction":0}
{"id":60601,"prediction":0}
{"id":72538,"prediction":1}
{"id":70187,"prediction":0}
{"id":78909,"prediction":0}
{"id":77911,"prediction":0}
{"id":74221,"prediction":1}
{"id":78578,"prediction":0}
{"id":61787,"prediction":0}
{"id":70428,"prediction":0}
{"id":77138,"prediction":1}
{"id":67426,"prediction":0}
{"id":66124,"prediction":0}
{"id":67185,"prediction":0}
{"id":61789,"prediction":0}
{"id":85618,"prediction":0}
{"id":73867,"prediction":0}
{"id":60456,"prediction":0}
{"id":73449,"prediction":1}
{"id":66572,"prediction":0}
{"id":74094,"prediction":0}
{"id":80724,"prediction":0}
{"id":77113,"prediction":0}
{"id":65816,"prediction":0}
{"id":67045,"prediction":0}
{"id":62152,"prediction":0}
{"id":71802,"prediction":0}
{"id":61056,"prediction":0}
{"id":67254,"prediction":0}
{"id":71321,"prediction":0}
{"id":63363,"prediction":0}
{"id":70860,"prediction":1}
{"id":61545,"prediction":0}
{"id":76541,"prediction":0}
{"id":77371,"prediction":0}
{"id":62529,"prediction":0}
{"id":74850,"prediction":1}
{"id":77408,"prediction":0}
{"id":84491,"prediction":0}
{"id":77892,"prediction":0}
{"id":84481,"prediction":0}
{"id":83382,"prediction":0}
{"id":80837,"prediction":1}
{"id":68617,"prediction":0}
{"id":74821,"prediction":0}
{"id":70788,"prediction":0}
{"id":64922,"prediction":0}
{"id":76944,"prediction":1}
{"id":69714,"prediction":0}
{"id":70597,"prediction":0}
{"id":83473,"prediction":0}
{"id":73752,"prediction":0}
{"id":83784,"prediction":0}
{"id":64228,"prediction":0}
{"id":60380,"prediction":0}
{"id":67277,"prediction":1}
{"id":76479,"prediction":1}
{"id":71006,"prediction":0}
{"id":83179,"prediction":0}
{"id":67972,"prediction":0}
{"id":77961,"prediction":0}
{"id":73036,"prediction":0}
{"id":60919,"prediction":0}
{"id":68330,"prediction":0}
{"id":70285,"prediction":0}
{"id":60506,"prediction":0}
{"id":62780,"prediction":0}
{"id":79602,"prediction":1}
{"id":76289,"prediction":0}
{"id":81383,"prediction":0}
{"id":62056,"prediction":0}
{"id":71191,"prediction":0}
{"id":67606,"prediction":0}
{"id":61934,"prediction":0}
{"id":81526,"prediction":0}
{"id":85338,"prediction":0}
{"id":71391,"prediction":0}
{"id":69640,"prediction":0}
{"id":81484,"prediction":0}
{"id":85201,"prediction":0}
{"id":63145,"prediction":0}
{"id":84290,"prediction":0}
{"id":63902,"prediction":0}
{"id":84182,"prediction":0}
{"id":69567,"prediction":0}
{"id":65290,"prediction":1}
{"id":74740,"prediction":0}
{"id":77081,"prediction":0}
{"id":77719,"prediction":1}
{"id":64372,"prediction":0}
{"id":72140,"prediction":0}
{"id":81310,"prediction":0}
{"id":65174,"prediction":0}
{"id":77709,"prediction":0}
{"id":79211,"prediction":0}
{"id":81386,"prediction":0}
{"id":84783,"prediction":0}
{"id":81660,"prediction":0}
{"id":70794,"prediction":0}
{"id":63097,"prediction":0}
{"id":73848,"prediction":0}
{"id":84070,"prediction":0}
{"id":62623,"prediction":0}
{"id":79699,"prediction":0}
{"id":67270,"prediction":1}
{"id":80042,"prediction":0}
{"id":62496,"prediction":0}
{"id":83069,"prediction":0}
{"id":60272,"prediction":0}
{"id":81505,"prediction":0}
{"id":81788,"prediction":0}
{"id":66751,"prediction":1}
{"id":78375,"prediction":0}
{"id":63926,"prediction":0}
{"id":81634,"prediction":0}
{"id":75016,"prediction":0}
{"id":61998,"prediction":0}
{"id":61497,"prediction":0}
{"id":72431,"prediction":0}
{"id":84832,"prediction":0}
{"id":63709,"prediction":0}
{"id":83545,"prediction":0}
{"id":81923,"prediction":0}
{"id":61532,"prediction":0}
{"id":68222,"prediction":0}
{"id":64824,"prediction":0}
{"id":68276,"prediction":0}
{"id":78438,"prediction":0}
{"id":67360,"prediction":0}
{"id":78393,"prediction":0}
{"id":79968,"prediction":1}
{"id":75361,"prediction":0}
{"id":66663,"prediction":0}
{"id":67109,"prediction":0}
{"id":60646,"prediction":0}
{"id":80578,"prediction":0}
{"id":61356,"prediction":1}
{"id":67939,"prediction":0}
{"id":72724,"prediction":0}
{"id":81560,"prediction":0}
{"id":69872,"prediction":0}
{"id":73586,"prediction":0}
{"id":82181,"prediction":0}
{"id":75551,"prediction":1}
{"id":76276,"prediction":0}
{"id":74160,"prediction":0}
{"id":74868,"prediction":0}
{"id":67693,"prediction":0}
{"id":82676,"prediction":0}
{"id":77885,"prediction":0}
{"id":69650,"prediction":0}
{"id":76403,"prediction":0}
{"id":66436,"prediction":0}
{"id":76329,"prediction":0}
{"id":83513,"prediction":0}
{"id":62050,"prediction":0}
{"id":71050,"prediction":1}
{"id":78503,"prediction":0}
{"id":63696,"prediction":0}
{"id":65764,"prediction":0}
{"id":75902,"prediction":0}
{"id":60130,"prediction":0}
{"id":69647,"prediction":0}
{"id":71085,"prediction":0}
{"id":78261,"prediction":0}
{"id":82748,"prediction":0}
{"id":66915,"prediction":0}
{"id":63411,"prediction":0}
{"id":78575,"prediction":1}
{"id":66452,"prediction":0}
{"id":62366,"prediction":0}
{"id":80259,"prediction":1}
{"id":69923,"prediction":0}
{"id":68681,"prediction":0}
{"id":64378,"prediction":0}
{"id":60461,"prediction":0}
{"id":77227,"prediction":0}
{"id":63853,"prediction":0}
{"id":82516,"prediction":0}
{"id":80498,"prediction":0}
{"id":70654,"prediction":0}
{"id":64877,"prediction":0}
{"id":62115,"prediction":0}
{"id":80121,"prediction":0}
{"id":62661,"prediction":0}
{"id":85171,"prediction":1}
{"id":74138,"prediction":1}
{"id":82634,"prediction":0}
{"id":68366,"prediction":0}
{"id":78711,"prediction":0}
{"id":75899,"prediction":0}
{"id":75868,"prediction":0}
{"id":77945,"prediction":0}
{"id":61759,"prediction":0}
{"id":73488,"prediction":0}
{"id":79040,"prediction":0}
{"id":82317,"prediction":1}
{"id":73023,"prediction":0}
{"id":78687,"prediction":0}
{"id":62387,"prediction":0}
{"id":75295,"prediction":0}
{"id":77664,"prediction":0}
{"id":61706,"prediction":0}
{"id":61274,"prediction":0}
{"id":83892,"prediction":0}
{"id":72225,"prediction":0}
{"id":70351,"prediction":0}
{"id":64057,"prediction":0}
{"id":63873,"prediction":0}
{"id":69054,"prediction":0}
{"id":73242,"prediction":0}
{"id":75597,"prediction":0}
{"id":76116,"prediction":0}
{"id":63080,"prediction":0}
{"id":81717,"prediction":0}
{"id":78950,"prediction":0}
{"id":77566,"prediction":0}
{"id":73284,"prediction":1}
{"id":79559,"prediction":0}
{"id":71992,"prediction":0}
{"id":64347,"prediction":0}
{"id":82849,"prediction":0}
{"id":76079,"prediction":0}
{"id":74279,"prediction":0}
{"id":85302,"prediction":0}
{"id":74572,"prediction":0}
{"id":78606,"prediction":0}
{"id":76881,"prediction":0}
{"id":67118,"prediction":0}
{"id":85684,"prediction":0}
{"id":70365,"prediction":0}
{"id":69810,"prediction":0}
{"id":60211,"prediction":0}
{"id":73114,"prediction":0}
{"id":84472,"prediction":0}
{"id":75640,"prediction":0}
{"id":84885,"prediction":0}
{"id":62935,"prediction":0}
{"id":60226,"prediction":0}
{"id":60225,"prediction":0}
{"id":83414,"prediction":0}
{"id":84771,"prediction":0}
{"id":61203,"prediction":0}
{"id":73330,"prediction":0}
{"id":80864,"prediction":0}
{"id":82219,"prediction":0}
{"id":74926,"prediction":0}
{"id":81430,"prediction":0}
{"id":80495,"prediction":0}
{"id":85419,"prediction":0}
{"id":76373,"prediction":0}
{"id":72453,"prediction":0}
{"id":77971,"prediction":0}
{"id":64937,"prediction":0}
{"id":84293,"prediction":0}
{"id":77046,"prediction":0}
{"id":67164,"prediction":1}
{"id":77583,"prediction":0}
{"id":83976,"prediction":0}
{"id":67348,"prediction":0}
{"id":62207,"prediction":1}
{"id":69089,"prediction":1}
{"id":65748,"prediction":0}
{"id":71862,"prediction":0}
{"id":68908,"prediction":1}
{"id":74964,"prediction":0}
{"id":72288,"prediction":1}
{"id":60682,"prediction":0}
{"id":61829,"prediction":0}
{"id":71396,"prediction":0}
{"id":79918,"prediction":0}
{"id":73668,"prediction":0}
{"id":82404,"prediction":1}
{"id":65719,"prediction":0}
{"id":72713,"prediction":0}
{"id":74952,"prediction":0}
{"id":77646,"prediction":0}
{"id":75420,"prediction":0}
{"id":64039,"prediction":0}
{"id":77276,"prediction":0}
{"id":71719,"prediction":0}
{"id":79929,"prediction":0}
{"id":72473,"prediction":0}
{"id":75930,"prediction":0}
{"id":72973,"prediction":0}
{"id":82377,"prediction":0}
{"id":83558,"prediction":0}
{"id":70523,"prediction":1}
{"id":65676,"prediction":0}
{"id":70630,"prediction":0}
{"id":79504,"prediction":0}
{"id":61421,"prediction":0}
{"id":61572,"prediction":0}
{"id":70706,"prediction":0}
{"id":64561,"prediction":0}
{"id":83844,"prediction":0}
{"id":81192,"prediction":0}
{"id":66185,"prediction":0}
{"id":74390,"prediction":0}
{"id":63546,"prediction":0}
{"id":63661,"prediction":0}
{"id":70492,"prediction":0}
{"id":78696,"prediction":1}
{"id":76527,"prediction":0}
{"id":72781,"prediction":0}
{"id":70934,"prediction":0}
{"id":84507,"prediction":0}
{"id":66683,"prediction":0}
{"id":74251,"prediction":1}
{"id":85448,"prediction":0}
{"id":62756,"prediction":0}
{"id":64165,"prediction":0}
{"id":63603,"prediction":0}
{"id":65327,"prediction":1}
{"id":85054,"prediction":0}
{"id":63963,"prediction":0}
{"id":80071,"prediction":0}
{"id":78654,"prediction":1}
{"id":72970,"prediction":0}
{"id":66911,"prediction":0}
{"id":85102,"prediction":0}
{"id":79276,"prediction":0}
{"id":80221,"prediction":0}
{"id":75149,"prediction":0}
{"id":72501,"prediction":0}
{"id":63734,"prediction":0}
{"id":70281,"prediction":1}
{"id":65011,"prediction":1}
{"id":77216,"prediction":0}
{"id":66601,"prediction":0}
{"id":62941,"prediction":0}
{"id":71928,"prediction":1}
{"id":82538,"prediction":0}
{"id":63217,"prediction":0}
{"id":77155,"prediction":0}
{"id":72579,"prediction":0}
{"id":69084,"prediction":0}
{"id":69959,"prediction":0}
{"id":80635,"prediction":0}
{"id":78514,"prediction":0}
{"id":77039,"prediction":0}
{"id":67832,"prediction":0}
{"id":60953,"prediction":0}
{"id":63756,"prediction":0}
{"id":61331,"prediction":0}
{"id":66204,"prediction":0}
{"id":62890,"prediction":0}
{"id":84810,"prediction":0}
{"id":65603,"prediction":0}
{"id":76845,"prediction":0}
{"id":60641,"prediction":0}
{"id":83510,"prediction":0}
{"id":70358,"prediction":0}
{"id":77287,"prediction":1}
{"id":82577,"prediction":0}
{"id":67544,"prediction":0}
{"id":65106,"prediction":1}
{"id":66419,"prediction":0}
{"id":74988,"prediction":0}
{"id":78052,"prediction":0}
{"id":61006,"prediction":0}
{"id":83656,"prediction":0}
{"id":69424,"prediction":1}
{"id":64746,"prediction":1}
{"id":71887,"prediction":0}
{"id":83334,"prediction":0}
{"id":71588,"prediction":0}
{"id":81165,"prediction":0}
{"id":69056,"prediction":0}
{"id":75862,"prediction":0}
{"id":85244,"prediction":0}
{"id":75475,"prediction":0}
{"id":64164,"prediction":1}
{"id":70475,"prediction":0}
{"id":83929,"prediction":0}
{"id":62762,"prediction":0}
{"id":69279,"prediction":0}
{"id":70252,"prediction":0}
{"id":74264,"prediction":0}
{"id":85142,"prediction":0}
{"id":82981,"prediction":0}
{"id":84186,"prediction":0}
{"id":66974,"prediction":0}
{"id":61069,"prediction":0}
{"id":62230,"prediction":0}
{"id":64211,"prediction":0}
{"id":66763,"prediction":0}
{"id":66665,"prediction":1}
{"id":67622,"prediction":0}
{"id":62441,"prediction":0}
{"id":82291,"prediction":0}
{"id":77955,"prediction":0}
{"id":62262,"prediction":0}
{"id":70996,"prediction":0}
{"id":72427,"prediction":0}
{"id":71449,"prediction":0}
{"id":63306,"prediction":1}
{"id":71637,"prediction":0}
{"id":79260,"prediction":0}
{"id":62929,"prediction":0}
{"id":75758,"prediction":0}
{"id":61682,"prediction":0}
{"id":64909,"prediction":0}
{"id":63472,"prediction":0}
{"id":71063,"prediction":0}
{"id":65282,"prediction":0}
{"id":77435,"prediction":0}
{"id":63761,"prediction":0}
{"id":70918,"prediction":1}
{"id":69118,"prediction":0}
{"id":61105,"prediction":0}
{"id":85620,"prediction":1}
{"id":79964,"prediction":0}
{"id":81039,"prediction":0}
{"id":67708,"prediction":0}
{"id":80472,"prediction":0}
{"id":73593,"prediction":0}
{"id":82975,"prediction":1}
{"id":72141,"prediction":0}
{"id":78629,"prediction":0}
{"id":62701,"prediction":0}
{"id":61325,"prediction":0}
{"id":62532,"prediction":0}
{"id":68296,"prediction":0}
{"id":82824,"prediction":0}
{"id":85150,"prediction":0}
{"id":66529,"prediction":0}
{"id":75727,"prediction":0}
{"id":79865,"prediction":0}
{"id":63061,"prediction":0}
{"id":72333,"prediction":0}
{"id":81569,"prediction":0}
{"id":68167,"prediction":0}
{"id":67547,"prediction":0}
{"id":76759,"prediction":1}
{"id":67049,"prediction":0}
{"id":67228,"prediction":0}
{"id":66756,"prediction":1}
{"id":76668,"prediction":0}
{"id":77593,"prediction":0}
{"id":69110,"prediction":0}
{"id":81536,"prediction":0}
{"id":77434,"prediction":0}
{"id":65228,"prediction":0}
{"id":72045,"prediction":0}
{"id":66641,"prediction":0}
{"id":62516,"prediction":1}
{"id":83379,"prediction":0}
{"id":63972,"prediction":0}
{"id":70926,"prediction":0}
{"id":63189,"prediction":1}
{"id":65269,"prediction":1}
{"id":69329,"prediction":0}
{"id":62133,"prediction":1}
{"id":77420,"prediction":0}
{"id":77165,"prediction":0}
{"id":76039,"prediction":0}
{"id":60880,"prediction":1}
{"id":82829,"prediction":0}
{"id":74325,"prediction":0}
{"id":78205,"prediction":0}
{"id":69051,"prediction":0}
{"id":81119,"prediction":0}
{"id":67279,"prediction":0}
{"id":65905,"prediction":0}
{"id":79062,"prediction":0}
{"id":79707,"prediction":0}
{"id":64859,"prediction":1}
{"id":76393,"prediction":0}
{"id":84999,"prediction":0}
{"id":81985,"prediction":0}
{"id":64006,"prediction":0}
{"id":72849,"prediction":0}
{"id":67145,"prediction":0}
{"id":62786,"prediction":0}
{"id":79328,"prediction":0}
{"id":68917,"prediction":0}
{"id":85548,"prediction":0}
{"id":75001,"prediction":0}
{"id":61197,"prediction":1}
{"id":67095,"prediction":0}
{"id":72884,"prediction":0}
{"id":70374,"prediction":0}
{"id":75338,"prediction":0}
{"id":72635,"prediction":0}
{"id":77188,"prediction":0}
{"id":79375,"prediction":0}
{"id":64451,"prediction":0}
{"id":71485,"prediction":0}
{"id":67728,"prediction":0}
{"id":85197,"prediction":0}
{"id":66029,"prediction":0}
{"id":73436,"prediction":0}
{"id":64980,"prediction":0}
{"id":61664,"prediction":0}
{"id":66940,"prediction":0}
{"id":85377,"prediction":0}
{"id":72281,"prediction":0}
{"id":83725,"prediction":0}
{"id":74116,"prediction":0}
{"id":60801,"prediction":0}
{"id":65761,"prediction":0}
{"id":81611,"prediction":0}
{"id":79747,"prediction":1}
{"id":83907,"prediction":0}
{"id":70773,"prediction":1}
{"id":72070,"prediction":0}
{"id":60096,"prediction":0}
{"id":72072,"prediction":0}
{"id":78391,"prediction":0}
{"id":69879,"prediction":1}
{"id":68662,"prediction":0}
{"id":81317,"prediction":0}
{"id":78683,"prediction":0}
{"id":66228,"prediction":0}
{"id":80556,"prediction":0}
{"id":81737,"prediction":0}
{"id":81063,"prediction":0}
{"id":70170,"prediction":0}
{"id":71106,"prediction":1}
{"id":63440,"prediction":0}
{"id":68218,"prediction":0}
{"id":75526,"prediction":0}
{"id":62754,"prediction":0}
{"id":78718,"prediction":0}
{"id":70588,"prediction":0}
{"id":74213,"prediction":0}
{"id":81843,"prediction":0}
{"id":71088,"prediction":0}
{"id":64132,"prediction":0}
{"id":75686,"prediction":0}
{"id":82857,"prediction":1}
{"id":85188,"prediction":0}
{"id":60574,"prediction":0}
{"id":71524,"prediction":0}
{"id":60397,"prediction":0}
{"id":72202,"prediction":1}
{"id":78483,"prediction":0}
{"id":84692,"prediction":0}
{"id":66042,"prediction":0}
{"id":63128,"prediction":0}
{"id":71890,"prediction":0}
{"id":81066,"prediction":0}
{"id":82038,"prediction":0}
{"id":72457,"prediction":0}
{"id":79658,"prediction":0}
{"id":82669,"prediction":0}
{"id":76663,"prediction":0}
{"id":80816,"prediction":0}
{"id":65074,"prediction":0}
{"id":79364,"prediction":0}
{"id":71812,"prediction":0}
{"id":82547,"prediction":0}
{"id":74944,"prediction":0}
{"id":79597,"prediction":0}
{"id":84592,"prediction":0}
{"id":80811,"prediction":0}
{"id":81360,"prediction":0}
{"id":84840,"prediction":0}
{"id":83255,"prediction":0}
{"id":62218,"prediction":0}
{"id":74114,"prediction":1}
{"id":74600,"prediction":0}
{"id":67850,"prediction":0}
{"id":68558,"prediction":0}
{"id":69935,"prediction":0}
{"id":64410,"prediction":0}
{"id":72294,"prediction":0}
{"id":70851,"prediction":0}
{"id":78026,"prediction":0}
{"id":61474,"prediction":0}
{"id":76177,"prediction":0}
{"id":65700,"prediction":0}
{"id":65058,"prediction":0}
{"id":62611,"prediction":0}
{"id":60149,"prediction":0}
{"id":70390,"prediction":0}
{"id":70924,"prediction":0}
{"id":61878,"prediction":1}
{"id":69746,"prediction":0}
{"id":68927,"prediction":0}
{"id":63967,"prediction":0}
{"id":68867,"prediction":0}
{"id":82602,"prediction":0}
{"id":66323,"prediction":0}
{"id":75637,"prediction":0}
{"id":65029,"prediction":1}
{"id":67239,"prediction":0}
{"id":71051,"prediction":0}
{"id":68111,"prediction":0}
{"id":62815,"prediction":0}
{"id":83506,"prediction":0}
{"id":61476,"prediction":0}
{"id":60049,"prediction":0}
{"id":79594,"prediction":0}
{"id":79096,"prediction":0}
{"id":69293,"prediction":0}
{"id":66511,"prediction":0}
{"id":81347,"prediction":0}
{"id":70287,"prediction":0}
{"id":73301,"prediction":0}
{"id":66388,"prediction":0}
{"id":60078,"prediction":0}
{"id":64048,"prediction":0}
{"id":72284,"prediction":0}
{"id":73612,"prediction":0}
{"id":77406,"prediction":0}
{"id":71590,"prediction":1}
{"id":68600,"prediction":0}
{"id":69154,"prediction":0}
{"id":80074,"prediction":0}
{"id":81353,"prediction":1}
{"id":64862,"prediction":0}
{"id":63666,"prediction":0}
{"id":67791,"prediction":0}
{"id":74395,"prediction":0}
{"id":69334,"prediction":0}
{"id":84651,"prediction":1}
{"id":68920,"prediction":0}
{"id":62963,"prediction":0}
{"id":78108,"prediction":0}
{"id":69497,"prediction":1}
{"id":67698,"prediction":0}
{"id":84611,"prediction":0}
{"id":61124,"prediction":0}
{"id":67574,"prediction":1}
{"id":77152,"prediction":0}
{"id":82983,"prediction":0}
{"id":61910,"prediction":0}
{"id":66851,"prediction":0}
{"id":70537,"prediction":0}
{"id":60453,"prediction":0}
