{"id":40017,"prediction":0}
{"id":40766,"prediction":0}
{"id":40354,"prediction":0}
{"id":43335,"prediction":0}
{"id":40603,"prediction":0}
{"id":40228,"prediction":0}
{"id":42639,"prediction":0}
{"id":40045,"prediction":0}
{"id":40979,"prediction":0}
{"id":41739,"prediction":0}
{"id":40931,"prediction":0}
{"id":41195,"prediction":0}
{"id":42629,"prediction":0}
{"id":42242,"prediction":0}
{"id":40066,"prediction":0}
{"id":42987,"prediction":0}
{"id":41250,"prediction":0}
{"id":42233,"prediction":0}
{"id":42133,"prediction":0}
{"id":40666,"prediction":0}
{"id":42472,"prediction":0}
{"id":41041,"prediction":1}
{"id":42042,"prediction":0}
{"id":40709,"prediction":1}
{"id":40215,"prediction":0}
{"id":42649,"prediction":0}
{"id":42520,"prediction":0}
{"id":41607,"prediction":1}
{"id":42262,"prediction":0}
{"id":41120,"prediction":0}
{"id":41754,"prediction":0}
{"id":41649,"prediction":0}
{"id":42021,"prediction":0}
{"id":42980,"prediction":0}
{"id":40175,"prediction":0}
{"id":40651,"prediction":0}
{"id":42637,"prediction":0}
{"id":43113,"prediction":1}
{"id":40234,"prediction":0}
{"id":42144,"prediction":0}
{"id":40349,"prediction":0}
{"id":41527,"prediction":1}
{"id":40006,"prediction":0}
{"id":42396,"prediction":0}
{"id":42347,"prediction":0}
{"id":42842,"prediction":1}
{"id":40200,"prediction":0}
{"id":40432,"prediction":1}
{"id":43089,"prediction":0}
{"id":42759,"prediction":0}
{"id":42135,"prediction":0}
{"id":40623,"prediction":0}
{"id":41867,"prediction":0}
{"id":41955,"prediction":0}
{"id":42973,"prediction":0}
{"id":42417,"prediction":0}
{"id":41302,"prediction":0}
{"id":40140,"prediction":0}
{"id":41972,"prediction":0}
{"id":42926,"prediction":0}
{"id":40018,"prediction":0}
{"id":40590,"prediction":0}
{"id":41988,"prediction":0}
{"id":40212,"prediction":0}
{"id":42390,"prediction":0}
{"id":42178,"prediction":1}
{"id":43423,"prediction":1}
{"id":42967,"prediction":0}
{"id":42580,"prediction":0}
{"id":40276,"prediction":0}
{"id":42451,"prediction":0}
{"id":42976,"prediction":0}
{"id":41139,"prediction":0}
{"id":40576,"prediction":0}
{"id":40072,"prediction":1}
{"id":40585,"prediction":0}
{"id":42292,"prediction":0}
{"id":43109,"prediction":0}
{"id":41577,"prediction":1}
{"id":41941,"prediction":1}
{"id":41134,"prediction":0}
{"id":42207,"prediction":0}
{"id":42204,"prediction":0}
{"id":40304,"prediction":0}
{"id":41566,"prediction":0}
{"id":40127,"prediction":0}
{"id":42255,"prediction":0}
{"id":42677,"prediction":1}
{"id":43056,"prediction":0}
{"id":41749,"prediction":0}
{"id":40277,"prediction":0}
{"id":41467,"prediction":1}
{"id":41145,"prediction":0}
{"id":41549,"prediction":1}
{"id":41545,"prediction":0}
{"id":41023,"prediction":0}
{"id":43336,"prediction":0}
{"id":41339,"prediction":0}
{"id":40136,"prediction":0}
{"id":40220,"prediction":0}
{"id":42871,"prediction":0}
{"id":41903,"prediction":0}
{"id":42112,"prediction":0}
{"id":41585,"prediction":0}
{"id":41428,"prediction":1}
{"id":41669,"prediction":0}
{"id":42778,"prediction":1}
{"id":40289,"prediction":0}
{"id":41542,"prediction":0}
{"id":41272,"prediction":0}
{"id":40950,"prediction":0}
{"id":41383,"prediction":0}
{"id":40130,"prediction":1}
{"id":40592,"prediction":0}
{"id":41553,"prediction":0}
{"id":41776,"prediction":0}
{"id":40543,"prediction":0}
{"id":40964,"prediction":1}
{"id":43017,"prediction":0}
{"id":40876,"prediction":1}
{"id":41129,"prediction":1}
{"id":42576,"prediction":0}
{"id":40796,"prediction":0}
{"id":42230,"prediction":0}
{"id":41504,"prediction":0}
{"id":42336,"prediction":0}
{"id":42533,"prediction":0}
{"id":41078,"prediction":0}
{"id":43223,"prediction":0}
{"id":41862,"prediction":1}
{"id":42038,"prediction":0}
{"id":41520,"prediction":0}
{"id":42483,"prediction":0}
{"id":42656,"prediction":0}
{"id":42688,"prediction":0}
{"id":41379,"prediction":0}
{"id":41182,"prediction":0}
{"id":41656,"prediction":0}
{"id":42903,"prediction":0}
{"id":41116,"prediction":0}
{"id":40977,"prediction":0}
{"id":40450,"prediction":0}
{"id":40702,"prediction":0}
{"id":42479,"prediction":0}
{"id":40777,"prediction":0}
{"id":43050,"prediction":0}
{"id":42745,"prediction":1}
{"id":41906,"prediction":0}
{"id":40738,"prediction":0}
{"id":40442,"prediction":0}
{"id":43293,"prediction":0}
{"id":42547,"prediction":0}
{"id":41382,"prediction":0}
{"id":43123,"prediction":0}
{"id":43142,"prediction":0}
{"id":42652,"prediction":0}
{"id":41524,"prediction":0}
{"id":42961,"prediction":0}
{"id":43072,"prediction":0}
{"id":42098,"prediction":0}
{"id":40008,"prediction":0}
{"id":40115,"prediction":0}
{"id":42192,"prediction":0}
{"id":43002,"prediction":1}
{"id":40034,"prediction":0}
{"id":42051,"prediction":0}
{"id":40944,"prediction":1}
{"id":41488,"prediction":0}
{"id":42861,"prediction":0}
{"id":41419,"prediction":0}
{"id":40468,"prediction":0}
{"id":41289,"prediction":1}
{"id":42590,"prediction":1}
{"id":41990,"prediction":1}
{"id":42421,"prediction":0}
{"id":42754,"prediction":1}
{"id":43254,"prediction":0}
{"id":41935,"prediction":0}
{"id":43094,"prediction":1}
{"id":41105,"prediction":1}
{"id":41095,"prediction":0}
{"id":41166,"prediction":0}
{"id":43073,"prediction":0}
{"id":43375,"prediction":1}
{"id":42352,"prediction":0}
{"id":42994,"prediction":0}
{"id":43352,"prediction":0}
{"id":42577,"prediction":1}
{"id":40531,"prediction":0}
{"id":40808,"prediction":0}
{"id":42602,"prediction":0}
{"id":41433,"prediction":0}
{"id":40141,"prediction":0}
{"id":40392,"prediction":1}
{"id":41170,"prediction":0}
{"id":40877,"prediction":0}
{"id":43202,"prediction":0}
{"id":41721,"prediction":0}
{"id":40936,"prediction":0}
{"id":43306,"prediction":0}
{"id":43088,"prediction":0}
{"id":41705,"prediction":0}
{"id":41204,"prediction":0}
{"id":43222,"prediction":0}
{"id":40904,"prediction":0}
{"id":40564,"prediction":0}
{"id":40332,"prediction":0}
{"id":40412,"prediction":1}
{"id":41658,"prediction":0}
{"id":43263,"prediction":0}
{"id":42518,"prediction":0}
{"id":41795,"prediction":0}
{"id":43156,"prediction":0}
{"id":41427,"prediction":0}
{"id":41275,"prediction":1}
{"id":40801,"prediction":0}
{"id":43200,"prediction":0}
{"id":43130,"prediction":0}
{"id":41340,"prediction":0}
{"id":40391,"prediction":0}
{"id":42080,"prediction":1}
{"id":40198,"prediction":1}
{"id":42473,"prediction":0}
{"id":42981,"prediction":0}
{"id":43082,"prediction":0}
{"id":42194,"prediction":0}
{"id":42429,"prediction":0}
{"id":41422,"prediction":0}
{"id":42286,"prediction":1}
{"id":41970,"prediction":0}
{"id":41478,"prediction":0}
{"id":41827,"prediction":1}
{"id":43292,"prediction":0}
{"id":40073,"prediction":0}
{"id":42291,"prediction":0}
{"id":42583,"prediction":0}
{"id":40782,"prediction":0}
{"id":41701,"prediction":0}
{"id":42198,"prediction":1}
{"id":41687,"prediction":0}
{"id":40406,"prediction":0}
{"id":43258,"prediction":0}
{"id":43043,"prediction":0}
{"id":40561,"prediction":0}
{"id":42076,"prediction":0}
{"id":42524,"prediction":0}
{"id":42083,"prediction":1}
{"id":40336,"prediction":0}
{"id":42301,"prediction":0}
{"id":42303,"prediction":0}
{"id":41636,"prediction":1}
{"id":41765,"prediction":0}
{"id":42999,"prediction":0}
{"id":41277,"prediction":1}
{"id":41602,"prediction":0}
{"id":43051,"prediction":0}
{"id":41880,"prediction":1}
{"id":40149,"prediction":0}
{"id":41517,"prediction":0}
{"id":40303,"prediction":0}
{"id":42657,"prediction":0}
{"id":41254,"prediction":0}
{"id":42971,"prediction":1}
{"id":43165,"prediction":1}
{"id":43071,"prediction":0}
{"id":41347,"prediction":1}
{"id":43392,"prediction":0}
{"id":43099,"prediction":0}
{"id":41312,"prediction":1}
{"id":41593,"prediction":0}
{"id":40720,"prediction":0}
{"id":40498,"prediction":0}
{"id":41694,"prediction":0}
{"id":40913,"prediction":1}
{"id":42887,"prediction":1}
{"id":40267,"prediction":0}
{"id":41475,"prediction":0}
{"id":40850,"prediction":0}
{"id":42969,"prediction":0}
{"id":40770,"prediction":0}
{"id":41650,"prediction":1}
{"id":41870,"prediction":1}
{"id":41412,"prediction":0}
{"id":40318,"prediction":0}
{"id":40005,"prediction":0}
{"id":40888,"prediction":0}
{"id":43025,"prediction":1}
{"id":40307,"prediction":0}
{"id":40224,"prediction":0}
{"id":42777,"prediction":0}
{"id":40410,"prediction":0}
{"id":40721,"prediction":0}
{"id":41660,"prediction":0}
{"id":42736,"prediction":1}
{"id":41936,"prediction":0}
{"id":43076,"prediction":0}
{"id":42498,"prediction":0}
{"id":40061,"prediction":1}
{"id":41333,"prediction":1}
{"id":41617,"prediction":1}
{"id":43386,"prediction":0}
{"id":42357,"prediction":0}
{"id":42655,"prediction":0}
{"id":40386,"prediction":1}
{"id":40204,"prediction":0}
{"id":41331,"prediction":0}
{"id":41643,"prediction":0}
{"id":40649,"prediction":1}
{"id":43075,"prediction":0}
{"id":42605,"prediction":1}
{"id":42405,"prediction":0}
{"id":40302,"prediction":0}
{"id":41713,"prediction":0}
{"id":41031,"prediction":0}
{"id":42936,"prediction":0}
{"id":42474,"prediction":1}
{"id":41533,"prediction":0}
{"id":40645,"prediction":0}
{"id":41324,"prediction":0}
{"id":40972,"prediction":0}
{"id":41523,"prediction":0}
{"id":41569,"prediction":0}
{"id":41211,"prediction":0}
{"id":40183,"prediction":0}
{"id":41890,"prediction":0}
{"id":40352,"prediction":0}
{"id":42773,"prediction":0}
{"id":42909,"prediction":0}
{"id":43187,"prediction":1}
{"id":42912,"prediction":1}
{"id":43121,"prediction":1}
{"id":40128,"prediction":0}
{"id":43399,"prediction":0}
{"id":40157,"prediction":0}
{"id":41270,"prediction":0}
{"id":42118,"prediction":0}
{"id":40363,"prediction":0}
{"id":43199,"prediction":0}
{"id":41666,"prediction":0}
{"id":43348,"prediction":0}
{"id":43400,"prediction":0}
{"id":41102,"prediction":1}
{"id":41174,"prediction":1}
{"id":42411,"prediction":0}
{"id":40981,"prediction":1}
{"id":40486,"prediction":1}
{"id":40703,"prediction":0}
{"id":41430,"prediction":0}
{"id":43171,"prediction":1}
{"id":42005,"prediction":0}
{"id":42757,"prediction":0}
{"id":42988,"prediction":1}
{"id":41348,"prediction":0}
{"id":43374,"prediction":0}
{"id":40456,"prediction":0}
{"id":42050,"prediction":0}
{"id":42319,"prediction":1}
{"id":40658,"prediction":0}
{"id":41576,"prediction":0}
{"id":40405,"prediction":0}
{"id":40733,"prediction":0}
{"id":40682,"prediction":0}
{"id":42834,"prediction":0}
{"id":41225,"prediction":0}
{"id":41882,"prediction":1}
{"id":40416,"prediction":1}
{"id":40074,"prediction":0}
{"id":41224,"prediction":0}
{"id":40233,"prediction":0}
{"id":40434,"prediction":1}
{"id":41672,"prediction":0}
{"id":41448,"prediction":0}
{"id":41423,"prediction":0}
{"id":42066,"prediction":0}
{"id":41709,"prediction":0}
{"id":42454,"prediction":0}
{"id":41226,"prediction":0}
{"id":41020,"prediction":0}
{"id":42455,"prediction":1}
{"id":40199,"prediction":0}
{"id":41945,"prediction":0}
{"id":41429,"prediction":0}
{"id":41818,"prediction":1}
{"id":41039,"prediction":0}
{"id":43341,"prediction":0}
{"id":42484,"prediction":1}
{"id":42332,"prediction":1}
{"id":42482,"prediction":0}
{"id":42797,"prediction":1}
{"id":42610,"prediction":0}
{"id":41394,"prediction":1}
{"id":40947,"prediction":1}
{"id":41657,"prediction":1}
{"id":42459,"prediction":1}
{"id":42891,"prediction":1}
{"id":43252,"prediction":0}
{"id":40219,"prediction":0}
{"id":40729,"prediction":0}
{"id":40707,"prediction":0}
{"id":40241,"prediction":0}
{"id":41352,"prediction":0}
{"id":41454,"prediction":0}
{"id":42837,"prediction":1}
{"id":42662,"prediction":0}
{"id":43133,"prediction":1}
{"id":40075,"prediction":0}
{"id":42219,"prediction":0}
{"id":40453,"prediction":1}
{"id":40701,"prediction":0}
{"id":42727,"prediction":0}
{"id":42029,"prediction":0}
{"id":40650,"prediction":0}
{"id":42227,"prediction":0}
{"id":40858,"prediction":0}
{"id":41319,"prediction":1}
{"id":40529,"prediction":1}
{"id":43315,"prediction":0}
{"id":43024,"prediction":0}
{"id":42402,"prediction":0}
{"id":42353,"prediction":0}
{"id":41831,"prediction":1}
{"id":40340,"prediction":0}
{"id":43408,"prediction":0}
{"id":42275,"prediction":0}
{"id":40327,"prediction":1}
{"id":43231,"prediction":0}
{"id":42791,"prediction":0}
{"id":42787,"prediction":0}
{"id":40521,"prediction":0}
{"id":40372,"prediction":1}
{"id":42052,"prediction":1}
{"id":42573,"prediction":0}
{"id":41738,"prediction":0}
{"id":40274,"prediction":0}
{"id":42440,"prediction":0}
{"id":40787,"prediction":1}
{"id":40609,"prediction":0}
{"id":40717,"prediction":1}
{"id":40137,"prediction":0}
{"id":40488,"prediction":0}
{"id":41618,"prediction":0}
{"id":40338,"prediction":1}
{"id":40279,"prediction":1}
{"id":42297,"prediction":0}
{"id":41560,"prediction":0}
{"id":42904,"prediction":0}
{"id":42087,"prediction":0}
{"id":40790,"prediction":0}
{"id":40747,"prediction":0}
{"id":42371,"prediction":0}
{"id":42876,"prediction":0}
{"id":41802,"prediction":0}
{"id":40207,"prediction":0}
{"id":41976,"prediction":0}
{"id":40067,"prediction":1}
{"id":40472,"prediction":0}
{"id":41188,"prediction":0}
{"id":41855,"prediction":0}
{"id":43377,"prediction":1}
{"id":41185,"prediction":0}
{"id":42564,"prediction":0}
{"id":40081,"prediction":1}
{"id":40374,"prediction":0}
{"id":40548,"prediction":0}
{"id":41500,"prediction":0}
{"id":42741,"prediction":0}
{"id":42738,"prediction":0}
{"id":40811,"prediction":1}
{"id":41155,"prediction":0}
{"id":41971,"prediction":0}
{"id":41494,"prediction":0}
{"id":42889,"prediction":0}
{"id":40929,"prediction":0}
{"id":42398,"prediction":1}
{"id":41843,"prediction":1}
{"id":40871,"prediction":0}
{"id":42530,"prediction":1}
{"id":40342,"prediction":1}
{"id":43239,"prediction":0}
{"id":42619,"prediction":0}
{"id":41040,"prediction":0}
{"id":40949,"prediction":0}
{"id":42004,"prediction":1}
{"id":40222,"prediction":1}
{"id":41113,"prediction":0}
{"id":41201,"prediction":0}
{"id":42381,"prediction":0}
{"id":42215,"prediction":0}
{"id":42269,"prediction":0}
{"id":43250,"prediction":0}
{"id":40933,"prediction":0}
{"id":40264,"prediction":1}
{"id":42974,"prediction":1}
{"id":40814,"prediction":0}
{"id":40692,"prediction":1}
{"id":40180,"prediction":0}
{"id":40418,"prediction":0}
{"id":40236,"prediction":1}
{"id":42395,"prediction":0}
{"id":40295,"prediction":0}
{"id":40436,"prediction":0}
{"id":43321,"prediction":0}
{"id":42141,"prediction":0}
{"id":40078,"prediction":0}
{"id":41908,"prediction":0}
{"id":40322,"prediction":0}
{"id":42392,"prediction":1}
{"id":41075,"prediction":0}
{"id":41534,"prediction":0}
{"id":41108,"prediction":0}
{"id":41165,"prediction":1}
{"id":42031,"prediction":0}
{"id":42802,"prediction":1}
{"id":42177,"prediction":1}
{"id":41778,"prediction":1}
{"id":42768,"prediction":0}
{"id":43069,"prediction":1}
{"id":41203,"prediction":0}
{"id":41403,"prediction":0}
{"id":41822,"prediction":0}
{"id":41844,"prediction":0}
{"id":41790,"prediction":0}
{"id":40764,"prediction":0}
{"id":41712,"prediction":0}
{"id":41645,"prediction":0}
{"id":41893,"prediction":0}
{"id":42068,"prediction":1}
{"id":41480,"prediction":1}
{"id":40920,"prediction":0}
{"id":42701,"prediction":0}
{"id":41918,"prediction":1}
{"id":43015,"prediction":0}
{"id":40055,"prediction":1}
{"id":43381,"prediction":1}
{"id":41595,"prediction":0}
{"id":42599,"prediction":0}
{"id":41366,"prediction":1}
{"id":41328,"prediction":0}
{"id":40169,"prediction":1}
{"id":43300,"prediction":0}
{"id":41502,"prediction":0}
{"id":41821,"prediction":0}
{"id":41479,"prediction":0}
{"id":42109,"prediction":0}
{"id":40661,"prediction":0}
{"id":40680,"prediction":0}
{"id":42565,"prediction":0}
{"id":40438,"prediction":0}
{"id":41510,"prediction":0}
{"id":40470,"prediction":0}
{"id":43402,"prediction":0}
{"id":42364,"prediction":0}
{"id":42011,"prediction":0}
{"id":40504,"prediction":0}
{"id":40013,"prediction":1}
{"id":42555,"prediction":0}
{"id":42180,"prediction":0}
{"id":42705,"prediction":0}
{"id":40917,"prediction":0}
{"id":41083,"prediction":1}
{"id":40118,"prediction":0}
{"id":41605,"prediction":0}
{"id":42073,"prediction":0}
{"id":41457,"prediction":0}
{"id":42642,"prediction":0}
{"id":40170,"prediction":0}
{"id":41015,"prediction":0}
{"id":40698,"prediction":0}
{"id":41634,"prediction":0}
{"id":41981,"prediction":1}
{"id":40727,"prediction":0}
{"id":41732,"prediction":0}
{"id":40047,"prediction":0}
{"id":40039,"prediction":0}
{"id":41967,"prediction":0}
{"id":40624,"prediction":0}
{"id":41110,"prediction":0}
{"id":41221,"prediction":0}
{"id":41151,"prediction":0}
{"id":40527,"prediction":0}
{"id":42911,"prediction":0}
{"id":42003,"prediction":0}
{"id":40974,"prediction":1}
{"id":41780,"prediction":0}
{"id":40085,"prediction":0}
{"id":42846,"prediction":0}
{"id":42263,"prediction":0}
{"id":42651,"prediction":0}
{"id":40524,"prediction":0}
{"id":41014,"prediction":0}
{"id":41329,"prediction":0}
{"id":42323,"prediction":0}
{"id":40286,"prediction":0}
{"id":43391,"prediction":0}
{"id":43287,"prediction":0}
{"id":40463,"prediction":0}
{"id":42643,"prediction":0}
{"id":41371,"prediction":0}
{"id":42273,"prediction":0}
{"id":42717,"prediction":0}
{"id":43427,"prediction":0}
{"id":41439,"prediction":1}
{"id":43163,"prediction":0}
{"id":40924,"prediction":0}
{"id":41036,"prediction":0}
{"id":40257,"prediction":0}
{"id":41305,"prediction":0}
{"id":43144,"prediction":0}
{"id":40519,"prediction":1}
{"id":41555,"prediction":0}
{"id":41496,"prediction":0}
{"id":41248,"prediction":0}
{"id":42071,"prediction":0}
{"id":43225,"prediction":0}
{"id":43030,"prediction":0}
{"id":42078,"prediction":1}
{"id":43234,"prediction":1}
{"id":42739,"prediction":0}
{"id":41359,"prediction":1}
{"id":40899,"prediction":1}
{"id":41361,"prediction":0}
{"id":41787,"prediction":1}
{"id":42343,"prediction":0}
{"id":41823,"prediction":0}
{"id":40161,"prediction":0}
{"id":40663,"prediction":0}
{"id":41835,"prediction":0}
{"id":41917,"prediction":0}
{"id":43038,"prediction":0}
{"id":41420,"prediction":0}
{"id":40048,"prediction":0}
{"id":42110,"prediction":0}
{"id":40539,"prediction":0}
{"id":40665,"prediction":0}
{"id":42439,"prediction":0}
{"id":42771,"prediction":1}
{"id":42205,"prediction":0}
{"id":40750,"prediction":0}
{"id":42718,"prediction":0}
{"id":40051,"prediction":0}
{"id":40606,"prediction":0}
{"id":42124,"prediction":1}
{"id":40206,"prediction":1}
{"id":43342,"prediction":0}
{"id":41674,"prediction":1}
{"id":41099,"prediction":1}
{"id":42604,"prediction":1}
{"id":40752,"prediction":0}
{"id":43268,"prediction":0}
{"id":42017,"prediction":0}
{"id":42293,"prediction":0}
{"id":40559,"prediction":0}
{"id":41313,"prediction":0}
{"id":41256,"prediction":0}
{"id":41639,"prediction":0}
{"id":42413,"prediction":0}
{"id":42490,"prediction":0}
{"id":41620,"prediction":0}
{"id":43347,"prediction":0}
{"id":43102,"prediction":0}
{"id":43297,"prediction":0}
{"id":41353,"prediction":0}
{"id":42521,"prediction":0}
{"id":43229,"prediction":1}
{"id":43276,"prediction":0}
{"id":43108,"prediction":1}
{"id":40466,"prediction":0}
{"id":41613,"prediction":0}
{"id":42804,"prediction":0}
{"id":40414,"prediction":0}
{"id":42900,"prediction":0}
{"id":41082,"prediction":1}
{"id":40209,"prediction":0}
{"id":41298,"prediction":0}
{"id":42890,"prediction":0}
{"id":42152,"prediction":1}
{"id":40534,"prediction":0}
{"id":41591,"prediction":1}
{"id":43128,"prediction":0}
{"id":40646,"prediction":0}
{"id":40400,"prediction":0}
{"id":41180,"prediction":1}
{"id":43172,"prediction":0}
{"id":40164,"prediction":0}
{"id":41258,"prediction":0}
{"id":43029,"prediction":1}
